data,quadra,horario_inicio,motivo,tipo
2026-05-05,TN1,06:00,Aula,Aula
2026-05-05,TN1,07:00,Aula,Aula
2026-05-05,TN1,08:00,Aula,Aula
2026-05-05,TN1,15:00,Aula,Aula
2026-05-05,TN1,16:00,Aula,Aula
2026-05-05,TN1,17:00,Aula,Aula
2026-05-05,TN1,18:00,Aula,Aula
2026-05-05,TN1,19:00,Aula,Aula
2026-05-05,TN1,20:00,Aula,Aula
2026-05-05,TN2,18:00,Aula,Aula
2026-05-05,TN2,19:00,Aula,Aula
2026-05-06,TN1,06:00,Aula,Aula
2026-05-06,TN1,07:00,Aula,Aula
2026-05-06,TN1,08:00,Aula,Aula
2026-05-06,TN1,09:00,Aula,Aula
2026-05-06,TN1,10:00,Aula,Aula
2026-05-06,TN1,11:00,Aula,Aula
2026-05-06,TN1,15:00,Aula,Aula
2026-05-06,TN1,16:00,Aula,Aula
2026-05-06,TN1,17:00,Aula,Aula
2026-05-06,TN1,18:00,Aula,Aula
2026-05-06,TN1,19:00,Aula,Aula
2026-05-06,TN2,17:00,Aula,Aula
2026-05-06,TN2,18:00,Aula,Aula
2026-05-06,BT1,16:00,Aula,Aula
2026-05-06,BT1,17:00,Aula,Aula
2026-05-06,BT1,18:00,Aula,Aula
2026-05-06,BT1,19:00,Aula,Aula
2026-05-06,BT1,20:00,Aula,Aula
2026-05-07,TN1,06:00,Aula,Aula
2026-05-07,TN1,07:00,Aula,Aula
2026-05-07,TN1,08:00,Aula,Aula
2026-05-07,TN1,09:00,Aula,Aula
2026-05-07,TN1,15:00,Aula,Aula
2026-05-07,TN1,16:00,Aula,Aula
2026-05-07,TN1,17:00,Aula,Aula
2026-05-07,TN1,18:00,Aula,Aula
2026-05-07,TN1,19:00,Aula,Aula
2026-05-07,TN2,18:00,Aula,Aula
2026-05-08,TN1,06:00,Aula,Aula
2026-05-08,TN1,07:00,Aula,Aula
2026-05-08,TN1,08:00,Aula,Aula
2026-05-08,TN1,09:00,Aula,Aula
2026-05-08,TN1,10:00,Aula,Aula
2026-05-08,TN1,15:00,Aula,Aula
2026-05-08,TN1,16:00,Aula,Aula
2026-05-08,TN1,17:00,Aula,Aula
2026-05-08,TN1,18:00,Aula,Aula
2026-05-11,TN1,06:00,Aula,Aula
2026-05-11,TN1,07:00,Aula,Aula
2026-05-11,TN1,08:00,Aula,Aula
2026-05-11,TN1,09:00,Aula,Aula
2026-05-11,TN1,15:00,Aula,Aula
2026-05-11,TN1,16:00,Aula,Aula
2026-05-11,TN1,17:00,Aula,Aula
2026-05-11,TN1,18:00,Aula,Aula
2026-05-11,TN1,19:00,Aula,Aula
2026-05-11,TN1,20:00,Aula,Aula
2026-05-12,TN1,06:00,Aula,Aula
2026-05-12,TN1,07:00,Aula,Aula
2026-05-12,TN1,08:00,Aula,Aula
2026-05-12,TN1,15:00,Aula,Aula
2026-05-12,TN1,16:00,Aula,Aula
2026-05-12,TN1,17:00,Aula,Aula
2026-05-12,TN1,18:00,Aula,Aula
2026-05-12,TN1,19:00,Aula,Aula
2026-05-12,TN1,20:00,Aula,Aula
2026-05-12,TN2,18:00,Aula,Aula
2026-05-12,TN2,19:00,Aula,Aula
2026-05-13,TN1,06:00,Aula,Aula
2026-05-13,TN1,07:00,Aula,Aula
2026-05-13,TN1,08:00,Aula,Aula
2026-05-13,TN1,09:00,Aula,Aula
2026-05-13,TN1,10:00,Aula,Aula
2026-05-13,TN1,11:00,Aula,Aula
2026-05-13,TN1,15:00,Aula,Aula
2026-05-13,TN1,16:00,Aula,Aula
2026-05-13,TN1,17:00,Aula,Aula
2026-05-13,TN1,18:00,Aula,Aula
2026-05-13,TN1,19:00,Aula,Aula
2026-05-13,TN2,17:00,Aula,Aula
2026-05-13,TN2,18:00,Aula,Aula
2026-05-13,BT1,16:00,Aula,Aula
2026-05-13,BT1,17:00,Aula,Aula
2026-05-13,BT1,18:00,Aula,Aula
2026-05-13,BT1,19:00,Aula,Aula
2026-05-13,BT1,20:00,Aula,Aula
2026-05-14,TN1,06:00,Aula,Aula
2026-05-14,TN1,07:00,Aula,Aula
2026-05-14,TN1,08:00,Aula,Aula
2026-05-14,TN1,09:00,Aula,Aula
2026-05-14,TN1,15:00,Aula,Aula
2026-05-14,TN1,16:00,Aula,Aula
2026-05-14,TN1,17:00,Aula,Aula
2026-05-14,TN1,18:00,Aula,Aula
2026-05-14,TN1,19:00,Aula,Aula
2026-05-14,TN2,18:00,Aula,Aula
2026-05-15,TN1,06:00,Aula,Aula
2026-05-15,TN1,07:00,Aula,Aula
2026-05-15,TN1,08:00,Aula,Aula
2026-05-15,TN1,09:00,Aula,Aula
2026-05-15,TN1,10:00,Aula,Aula
2026-05-15,TN1,15:00,Aula,Aula
2026-05-15,TN1,16:00,Aula,Aula
2026-05-15,TN1,17:00,Aula,Aula
2026-05-15,TN1,18:00,Aula,Aula
2026-05-18,TN1,06:00,Aula,Aula
2026-05-18,TN1,07:00,Aula,Aula
2026-05-18,TN1,08:00,Aula,Aula
2026-05-18,TN1,09:00,Aula,Aula
2026-05-18,TN1,15:00,Aula,Aula
2026-05-18,TN1,16:00,Aula,Aula
2026-05-18,TN1,17:00,Aula,Aula
2026-05-18,TN1,18:00,Aula,Aula
2026-05-18,TN1,19:00,Aula,Aula
2026-05-18,TN1,20:00,Aula,Aula
2026-05-19,TN1,06:00,Aula,Aula
2026-05-19,TN1,07:00,Aula,Aula
2026-05-19,TN1,08:00,Aula,Aula
2026-05-19,TN1,15:00,Aula,Aula
2026-05-19,TN1,16:00,Aula,Aula
2026-05-19,TN1,17:00,Aula,Aula
2026-05-19,TN1,18:00,Aula,Aula
2026-05-19,TN1,19:00,Aula,Aula
2026-05-19,TN1,20:00,Aula,Aula
2026-05-19,TN2,18:00,Aula,Aula
2026-05-19,TN2,19:00,Aula,Aula
2026-05-20,TN1,06:00,Aula,Aula
2026-05-20,TN1,07:00,Aula,Aula
2026-05-20,TN1,08:00,Aula,Aula
2026-05-20,TN1,09:00,Aula,Aula
2026-05-20,TN1,10:00,Aula,Aula
2026-05-20,TN1,11:00,Aula,Aula
2026-05-20,TN1,15:00,Aula,Aula
2026-05-20,TN1,16:00,Aula,Aula
2026-05-20,TN1,17:00,Aula,Aula
2026-05-20,TN1,18:00,Aula,Aula
2026-05-20,TN1,19:00,Aula,Aula
2026-05-20,TN2,17:00,Aula,Aula
2026-05-20,TN2,18:00,Aula,Aula
2026-05-20,BT1,16:00,Aula,Aula
2026-05-20,BT1,17:00,Aula,Aula
2026-05-20,BT1,18:00,Aula,Aula
2026-05-20,BT1,19:00,Aula,Aula
2026-05-20,BT1,20:00,Aula,Aula
2026-05-21,TN1,06:00,Aula,Aula
2026-05-21,TN1,07:00,Aula,Aula
2026-05-21,TN1,08:00,Aula,Aula
2026-05-21,TN1,09:00,Aula,Aula
2026-05-21,TN1,15:00,Aula,Aula
2026-05-21,TN1,16:00,Aula,Aula
2026-05-21,TN1,17:00,Aula,Aula
2026-05-21,TN1,18:00,Aula,Aula
2026-05-21,TN1,19:00,Aula,Aula
2026-05-21,TN2,18:00,Aula,Aula
2026-05-22,TN1,06:00,Aula,Aula
2026-05-22,TN1,07:00,Aula,Aula
2026-05-22,TN1,08:00,Aula,Aula
2026-05-22,TN1,09:00,Aula,Aula
2026-05-22,TN1,10:00,Aula,Aula
2026-05-22,TN1,15:00,Aula,Aula
2026-05-22,TN1,16:00,Aula,Aula
2026-05-22,TN1,17:00,Aula,Aula
2026-05-22,TN1,18:00,Aula,Aula
2026-05-25,TN1,06:00,Aula,Aula
2026-05-25,TN1,07:00,Aula,Aula
2026-05-25,TN1,08:00,Aula,Aula
2026-05-25,TN1,09:00,Aula,Aula
2026-05-25,TN1,15:00,Aula,Aula
2026-05-25,TN1,16:00,Aula,Aula
2026-05-25,TN1,17:00,Aula,Aula
2026-05-25,TN1,18:00,Aula,Aula
2026-05-25,TN1,19:00,Aula,Aula
2026-05-25,TN1,20:00,Aula,Aula
2026-05-26,TN1,06:00,Aula,Aula
2026-05-26,TN1,07:00,Aula,Aula
2026-05-26,TN1,08:00,Aula,Aula
2026-05-26,TN1,15:00,Aula,Aula
2026-05-26,TN1,16:00,Aula,Aula
2026-05-26,TN1,17:00,Aula,Aula
2026-05-26,TN1,18:00,Aula,Aula
2026-05-26,TN1,19:00,Aula,Aula
2026-05-26,TN1,20:00,Aula,Aula
2026-05-26,TN2,18:00,Aula,Aula
2026-05-26,TN2,19:00,Aula,Aula
2026-05-27,TN1,06:00,Aula,Aula
2026-05-27,TN1,07:00,Aula,Aula
2026-05-27,TN1,08:00,Aula,Aula
2026-05-27,TN1,09:00,Aula,Aula
2026-05-27,TN1,10:00,Aula,Aula
2026-05-27,TN1,11:00,Aula,Aula
2026-05-27,TN1,15:00,Aula,Aula
2026-05-27,TN1,16:00,Aula,Aula
2026-05-27,TN1,17:00,Aula,Aula
2026-05-27,TN1,18:00,Aula,Aula
2026-05-27,TN1,19:00,Aula,Aula
2026-05-27,TN2,17:00,Aula,Aula
2026-05-27,TN2,18:00,Aula,Aula
2026-05-27,BT1,16:00,Aula,Aula
2026-05-27,BT1,17:00,Aula,Aula
2026-05-27,BT1,18:00,Aula,Aula
2026-05-27,BT1,19:00,Aula,Aula
2026-05-27,BT1,20:00,Aula,Aula
2026-05-28,TN1,06:00,Aula,Aula
2026-05-28,TN1,07:00,Aula,Aula
2026-05-28,TN1,08:00,Aula,Aula
2026-05-28,TN1,09:00,Aula,Aula
2026-05-28,TN1,15:00,Aula,Aula
2026-05-28,TN1,16:00,Aula,Aula
2026-05-28,TN1,17:00,Aula,Aula
2026-05-28,TN1,18:00,Aula,Aula
2026-05-28,TN1,19:00,Aula,Aula
2026-05-28,TN2,18:00,Aula,Aula
2026-05-29,TN1,06:00,Aula,Aula
2026-05-29,TN1,07:00,Aula,Aula
2026-05-29,TN1,08:00,Aula,Aula
2026-05-29,TN1,09:00,Aula,Aula
2026-05-29,TN1,10:00,Aula,Aula
2026-05-29,TN1,15:00,Aula,Aula
2026-05-29,TN1,16:00,Aula,Aula
2026-05-29,TN1,17:00,Aula,Aula
2026-05-29,TN1,18:00,Aula,Aula
2026-06-01,TN1,06:00,Aula,Aula
2026-06-01,TN1,07:00,Aula,Aula
2026-06-01,TN1,08:00,Aula,Aula
2026-06-01,TN1,09:00,Aula,Aula
2026-06-01,TN1,15:00,Aula,Aula
2026-06-01,TN1,16:00,Aula,Aula
2026-06-01,TN1,17:00,Aula,Aula
2026-06-01,TN1,18:00,Aula,Aula
2026-06-01,TN1,19:00,Aula,Aula
2026-06-01,TN1,20:00,Aula,Aula
2026-06-02,TN1,06:00,Aula,Aula
2026-06-02,TN1,07:00,Aula,Aula
2026-06-02,TN1,08:00,Aula,Aula
2026-06-02,TN1,15:00,Aula,Aula
2026-06-02,TN1,16:00,Aula,Aula
2026-06-02,TN1,17:00,Aula,Aula
2026-06-02,TN1,18:00,Aula,Aula
2026-06-02,TN1,19:00,Aula,Aula
2026-06-02,TN1,20:00,Aula,Aula
2026-06-02,TN2,18:00,Aula,Aula
2026-06-02,TN2,19:00,Aula,Aula
2026-06-03,TN1,06:00,Aula,Aula
2026-06-03,TN1,07:00,Aula,Aula
2026-06-03,TN1,08:00,Aula,Aula
2026-06-03,TN1,09:00,Aula,Aula
2026-06-03,TN1,10:00,Aula,Aula
2026-06-03,TN1,11:00,Aula,Aula
2026-06-03,TN1,15:00,Aula,Aula
2026-06-03,TN1,16:00,Aula,Aula
2026-06-03,TN1,17:00,Aula,Aula
2026-06-03,TN1,18:00,Aula,Aula
2026-06-03,TN1,19:00,Aula,Aula
2026-06-03,TN2,17:00,Aula,Aula
2026-06-03,TN2,18:00,Aula,Aula
2026-06-03,BT1,16:00,Aula,Aula
2026-06-03,BT1,17:00,Aula,Aula
2026-06-03,BT1,18:00,Aula,Aula
2026-06-03,BT1,19:00,Aula,Aula
2026-06-03,BT1,20:00,Aula,Aula
2026-06-04,TN1,06:00,Aula,Aula
2026-06-04,TN1,07:00,Aula,Aula
2026-06-04,TN1,08:00,Aula,Aula
2026-06-04,TN1,09:00,Aula,Aula
2026-06-04,TN1,15:00,Aula,Aula
2026-06-04,TN1,16:00,Aula,Aula
2026-06-04,TN1,17:00,Aula,Aula
2026-06-04,TN1,18:00,Aula,Aula
2026-06-04,TN1,19:00,Aula,Aula
2026-06-04,TN2,18:00,Aula,Aula
2026-06-05,TN1,06:00,Aula,Aula
2026-06-05,TN1,07:00,Aula,Aula
2026-06-05,TN1,08:00,Aula,Aula
2026-06-05,TN1,09:00,Aula,Aula
2026-06-05,TN1,10:00,Aula,Aula
2026-06-05,TN1,15:00,Aula,Aula
2026-06-05,TN1,16:00,Aula,Aula
2026-06-05,TN1,17:00,Aula,Aula
2026-06-05,TN1,18:00,Aula,Aula
2026-06-08,TN1,06:00,Aula,Aula
2026-06-08,TN1,07:00,Aula,Aula
2026-06-08,TN1,08:00,Aula,Aula
2026-06-08,TN1,09:00,Aula,Aula
2026-06-08,TN1,15:00,Aula,Aula
2026-06-08,TN1,16:00,Aula,Aula
2026-06-08,TN1,17:00,Aula,Aula
2026-06-08,TN1,18:00,Aula,Aula
2026-06-08,TN1,19:00,Aula,Aula
2026-06-08,TN1,20:00,Aula,Aula
2026-06-09,TN1,06:00,Aula,Aula
2026-06-09,TN1,07:00,Aula,Aula
2026-06-09,TN1,08:00,Aula,Aula
2026-06-09,TN1,15:00,Aula,Aula
2026-06-09,TN1,16:00,Aula,Aula
2026-06-09,TN1,17:00,Aula,Aula
2026-06-09,TN1,18:00,Aula,Aula
2026-06-09,TN1,19:00,Aula,Aula
2026-06-09,TN1,20:00,Aula,Aula
2026-06-09,TN2,18:00,Aula,Aula
2026-06-09,TN2,19:00,Aula,Aula
2026-06-10,TN1,06:00,Aula,Aula
2026-06-10,TN1,07:00,Aula,Aula
2026-06-10,TN1,08:00,Aula,Aula
2026-06-10,TN1,09:00,Aula,Aula
2026-06-10,TN1,10:00,Aula,Aula
2026-06-10,TN1,11:00,Aula,Aula
2026-06-10,TN1,15:00,Aula,Aula
2026-06-10,TN1,16:00,Aula,Aula
2026-06-10,TN1,17:00,Aula,Aula
2026-06-10,TN1,18:00,Aula,Aula
2026-06-10,TN1,19:00,Aula,Aula
2026-06-10,TN2,17:00,Aula,Aula
2026-06-10,TN2,18:00,Aula,Aula
2026-06-10,BT1,16:00,Aula,Aula
2026-06-10,BT1,17:00,Aula,Aula
2026-06-10,BT1,18:00,Aula,Aula
2026-06-10,BT1,19:00,Aula,Aula
2026-06-10,BT1,20:00,Aula,Aula
2026-06-11,TN1,06:00,Aula,Aula
2026-06-11,TN1,07:00,Aula,Aula
2026-06-11,TN1,08:00,Aula,Aula
2026-06-11,TN1,09:00,Aula,Aula
2026-06-11,TN1,15:00,Aula,Aula
2026-06-11,TN1,16:00,Aula,Aula
2026-06-11,TN1,17:00,Aula,Aula
2026-06-11,TN1,18:00,Aula,Aula
2026-06-11,TN1,19:00,Aula,Aula
2026-06-11,TN2,18:00,Aula,Aula
2026-06-12,TN1,06:00,Aula,Aula
2026-06-12,TN1,07:00,Aula,Aula
2026-06-12,TN1,08:00,Aula,Aula
2026-06-12,TN1,09:00,Aula,Aula
2026-06-12,TN1,10:00,Aula,Aula
2026-06-12,TN1,15:00,Aula,Aula
2026-06-12,TN1,16:00,Aula,Aula
2026-06-12,TN1,17:00,Aula,Aula
2026-06-12,TN1,18:00,Aula,Aula
2026-06-15,TN1,06:00,Aula,Aula
2026-06-15,TN1,07:00,Aula,Aula
2026-06-15,TN1,08:00,Aula,Aula
2026-06-15,TN1,09:00,Aula,Aula
2026-06-15,TN1,15:00,Aula,Aula
2026-06-15,TN1,16:00,Aula,Aula
2026-06-15,TN1,17:00,Aula,Aula
2026-06-15,TN1,18:00,Aula,Aula
2026-06-15,TN1,19:00,Aula,Aula
2026-06-15,TN1,20:00,Aula,Aula
2026-06-16,TN1,06:00,Aula,Aula
2026-06-16,TN1,07:00,Aula,Aula
2026-06-16,TN1,08:00,Aula,Aula
2026-06-16,TN1,15:00,Aula,Aula
2026-06-16,TN1,16:00,Aula,Aula
2026-06-16,TN1,17:00,Aula,Aula
2026-06-16,TN1,18:00,Aula,Aula
2026-06-16,TN1,19:00,Aula,Aula
2026-06-16,TN1,20:00,Aula,Aula
2026-06-16,TN2,18:00,Aula,Aula
2026-06-16,TN2,19:00,Aula,Aula
2026-06-17,TN1,06:00,Aula,Aula
2026-06-17,TN1,07:00,Aula,Aula
2026-06-17,TN1,08:00,Aula,Aula
2026-06-17,TN1,09:00,Aula,Aula
2026-06-17,TN1,10:00,Aula,Aula
2026-06-17,TN1,11:00,Aula,Aula
2026-06-17,TN1,15:00,Aula,Aula
2026-06-17,TN1,16:00,Aula,Aula
2026-06-17,TN1,17:00,Aula,Aula
2026-06-17,TN1,18:00,Aula,Aula
2026-06-17,TN1,19:00,Aula,Aula
2026-06-17,TN2,17:00,Aula,Aula
2026-06-17,TN2,18:00,Aula,Aula
2026-06-17,BT1,16:00,Aula,Aula
2026-06-17,BT1,17:00,Aula,Aula
2026-06-17,BT1,18:00,Aula,Aula
2026-06-17,BT1,19:00,Aula,Aula
2026-06-17,BT1,20:00,Aula,Aula
2026-06-18,TN1,06:00,Aula,Aula
2026-06-18,TN1,07:00,Aula,Aula
2026-06-18,TN1,08:00,Aula,Aula
2026-06-18,TN1,09:00,Aula,Aula
2026-06-18,TN1,15:00,Aula,Aula
2026-06-18,TN1,16:00,Aula,Aula
2026-06-18,TN1,17:00,Aula,Aula
2026-06-18,TN1,18:00,Aula,Aula
2026-06-18,TN1,19:00,Aula,Aula
2026-06-18,TN2,18:00,Aula,Aula
2026-06-19,TN1,06:00,Aula,Aula
2026-06-19,TN1,07:00,Aula,Aula
2026-06-19,TN1,08:00,Aula,Aula
2026-06-19,TN1,09:00,Aula,Aula
2026-06-19,TN1,10:00,Aula,Aula
2026-06-19,TN1,15:00,Aula,Aula
2026-06-19,TN1,16:00,Aula,Aula
2026-06-19,TN1,17:00,Aula,Aula
2026-06-19,TN1,18:00,Aula,Aula
2026-06-22,TN1,06:00,Aula,Aula
2026-06-22,TN1,07:00,Aula,Aula
2026-06-22,TN1,08:00,Aula,Aula
2026-06-22,TN1,09:00,Aula,Aula
2026-06-22,TN1,15:00,Aula,Aula
2026-06-22,TN1,16:00,Aula,Aula
2026-06-22,TN1,17:00,Aula,Aula
2026-06-22,TN1,18:00,Aula,Aula
2026-06-22,TN1,19:00,Aula,Aula
2026-06-22,TN1,20:00,Aula,Aula
2026-06-23,TN1,06:00,Aula,Aula
2026-06-23,TN1,07:00,Aula,Aula
2026-06-23,TN1,08:00,Aula,Aula
2026-06-23,TN1,15:00,Aula,Aula
2026-06-23,TN1,16:00,Aula,Aula
2026-06-23,TN1,17:00,Aula,Aula
2026-06-23,TN1,18:00,Aula,Aula
2026-06-23,TN1,19:00,Aula,Aula
2026-06-23,TN1,20:00,Aula,Aula
2026-06-23,TN2,18:00,Aula,Aula
2026-06-23,TN2,19:00,Aula,Aula
2026-06-24,TN1,06:00,Aula,Aula
2026-06-24,TN1,07:00,Aula,Aula
2026-06-24,TN1,08:00,Aula,Aula
2026-06-24,TN1,09:00,Aula,Aula
2026-06-24,TN1,10:00,Aula,Aula
2026-06-24,TN1,11:00,Aula,Aula
2026-06-24,TN1,15:00,Aula,Aula
2026-06-24,TN1,16:00,Aula,Aula
2026-06-24,TN1,17:00,Aula,Aula
2026-06-24,TN1,18:00,Aula,Aula
2026-06-24,TN1,19:00,Aula,Aula
2026-06-24,TN2,17:00,Aula,Aula
2026-06-24,TN2,18:00,Aula,Aula
2026-06-24,BT1,16:00,Aula,Aula
2026-06-24,BT1,17:00,Aula,Aula
2026-06-24,BT1,18:00,Aula,Aula
2026-06-24,BT1,19:00,Aula,Aula
2026-06-24,BT1,20:00,Aula,Aula
2026-06-25,TN1,06:00,Aula,Aula
2026-06-25,TN1,07:00,Aula,Aula
2026-06-25,TN1,08:00,Aula,Aula
2026-06-25,TN1,09:00,Aula,Aula
2026-06-25,TN1,15:00,Aula,Aula
2026-06-25,TN1,16:00,Aula,Aula
2026-06-25,TN1,17:00,Aula,Aula
2026-06-25,TN1,18:00,Aula,Aula
2026-06-25,TN1,19:00,Aula,Aula
2026-06-25,TN2,18:00,Aula,Aula
2026-06-26,TN1,06:00,Aula,Aula
2026-06-26,TN1,07:00,Aula,Aula
2026-06-26,TN1,08:00,Aula,Aula
2026-06-26,TN1,09:00,Aula,Aula
2026-06-26,TN1,10:00,Aula,Aula
2026-06-26,TN1,15:00,Aula,Aula
2026-06-26,TN1,16:00,Aula,Aula
2026-06-26,TN1,17:00,Aula,Aula
2026-06-26,TN1,18:00,Aula,Aula
2026-06-29,TN1,06:00,Aula,Aula
2026-06-29,TN1,07:00,Aula,Aula
2026-06-29,TN1,08:00,Aula,Aula
2026-06-29,TN1,09:00,Aula,Aula
2026-06-29,TN1,15:00,Aula,Aula
2026-06-29,TN1,16:00,Aula,Aula
2026-06-29,TN1,17:00,Aula,Aula
2026-06-29,TN1,18:00,Aula,Aula
2026-06-29,TN1,19:00,Aula,Aula
2026-06-29,TN1,20:00,Aula,Aula
2026-06-30,TN1,06:00,Aula,Aula
2026-06-30,TN1,07:00,Aula,Aula
2026-06-30,TN1,08:00,Aula,Aula
2026-06-30,TN1,15:00,Aula,Aula
2026-06-30,TN1,16:00,Aula,Aula
2026-06-30,TN1,17:00,Aula,Aula
2026-06-30,TN1,18:00,Aula,Aula
2026-06-30,TN1,19:00,Aula,Aula
2026-06-30,TN1,20:00,Aula,Aula
2026-06-30,TN2,18:00,Aula,Aula
2026-06-30,TN2,19:00,Aula,Aula
2026-07-01,TN1,06:00,Aula,Aula
2026-07-01,TN1,07:00,Aula,Aula
2026-07-01,TN1,08:00,Aula,Aula
2026-07-01,TN1,09:00,Aula,Aula
2026-07-01,TN1,10:00,Aula,Aula
2026-07-01,TN1,11:00,Aula,Aula
2026-07-01,TN1,15:00,Aula,Aula
2026-07-01,TN1,16:00,Aula,Aula
2026-07-01,TN1,17:00,Aula,Aula
2026-07-01,TN1,18:00,Aula,Aula
2026-07-01,TN1,19:00,Aula,Aula
2026-07-01,TN2,17:00,Aula,Aula
2026-07-01,TN2,18:00,Aula,Aula
2026-07-01,BT1,16:00,Aula,Aula
2026-07-01,BT1,17:00,Aula,Aula
2026-07-01,BT1,18:00,Aula,Aula
2026-07-01,BT1,19:00,Aula,Aula
2026-07-01,BT1,20:00,Aula,Aula
2026-07-02,TN1,06:00,Aula,Aula
2026-07-02,TN1,07:00,Aula,Aula
2026-07-02,TN1,08:00,Aula,Aula
2026-07-02,TN1,09:00,Aula,Aula
2026-07-02,TN1,15:00,Aula,Aula
2026-07-02,TN1,16:00,Aula,Aula
2026-07-02,TN1,17:00,Aula,Aula
2026-07-02,TN1,18:00,Aula,Aula
2026-07-02,TN1,19:00,Aula,Aula
2026-07-02,TN2,18:00,Aula,Aula
2026-07-03,TN1,06:00,Aula,Aula
2026-07-03,TN1,07:00,Aula,Aula
2026-07-03,TN1,08:00,Aula,Aula
2026-07-03,TN1,09:00,Aula,Aula
2026-07-03,TN1,10:00,Aula,Aula
2026-07-03,TN1,15:00,Aula,Aula
2026-07-03,TN1,16:00,Aula,Aula
2026-07-03,TN1,17:00,Aula,Aula
2026-07-03,TN1,18:00,Aula,Aula
2026-07-06,TN1,06:00,Aula,Aula
2026-07-06,TN1,07:00,Aula,Aula
2026-07-06,TN1,08:00,Aula,Aula
2026-07-06,TN1,09:00,Aula,Aula
2026-07-06,TN1,15:00,Aula,Aula
2026-07-06,TN1,16:00,Aula,Aula
2026-07-06,TN1,17:00,Aula,Aula
2026-07-06,TN1,18:00,Aula,Aula
2026-07-06,TN1,19:00,Aula,Aula
2026-07-06,TN1,20:00,Aula,Aula
2026-07-07,TN1,06:00,Aula,Aula
2026-07-07,TN1,07:00,Aula,Aula
2026-07-07,TN1,08:00,Aula,Aula
2026-07-07,TN1,15:00,Aula,Aula
2026-07-07,TN1,16:00,Aula,Aula
2026-07-07,TN1,17:00,Aula,Aula
2026-07-07,TN1,18:00,Aula,Aula
2026-07-07,TN1,19:00,Aula,Aula
2026-07-07,TN1,20:00,Aula,Aula
2026-07-07,TN2,18:00,Aula,Aula
2026-07-07,TN2,19:00,Aula,Aula
2026-07-08,TN1,06:00,Aula,Aula
2026-07-08,TN1,07:00,Aula,Aula
2026-07-08,TN1,08:00,Aula,Aula
2026-07-08,TN1,09:00,Aula,Aula
2026-07-08,TN1,10:00,Aula,Aula
2026-07-08,TN1,11:00,Aula,Aula
2026-07-08,TN1,15:00,Aula,Aula
2026-07-08,TN1,16:00,Aula,Aula
2026-07-08,TN1,17:00,Aula,Aula
2026-07-08,TN1,18:00,Aula,Aula
2026-07-08,TN1,19:00,Aula,Aula
2026-07-08,TN2,17:00,Aula,Aula
2026-07-08,TN2,18:00,Aula,Aula
2026-07-08,BT1,16:00,Aula,Aula
2026-07-08,BT1,17:00,Aula,Aula
2026-07-08,BT1,18:00,Aula,Aula
2026-07-08,BT1,19:00,Aula,Aula
2026-07-08,BT1,20:00,Aula,Aula
2026-07-09,TN1,06:00,Aula,Aula
2026-07-09,TN1,07:00,Aula,Aula
2026-07-09,TN1,08:00,Aula,Aula
2026-07-09,TN1,09:00,Aula,Aula
2026-07-09,TN1,15:00,Aula,Aula
2026-07-09,TN1,16:00,Aula,Aula
2026-07-09,TN1,17:00,Aula,Aula
2026-07-09,TN1,18:00,Aula,Aula
2026-07-09,TN1,19:00,Aula,Aula
2026-07-09,TN2,18:00,Aula,Aula
2026-07-10,TN1,06:00,Aula,Aula
2026-07-10,TN1,07:00,Aula,Aula
2026-07-10,TN1,08:00,Aula,Aula
2026-07-10,TN1,09:00,Aula,Aula
2026-07-10,TN1,10:00,Aula,Aula
2026-07-10,TN1,15:00,Aula,Aula
2026-07-10,TN1,16:00,Aula,Aula
2026-07-10,TN1,17:00,Aula,Aula
2026-07-10,TN1,18:00,Aula,Aula
2026-07-13,TN1,06:00,Aula,Aula
2026-07-13,TN1,07:00,Aula,Aula
2026-07-13,TN1,08:00,Aula,Aula
2026-07-13,TN1,09:00,Aula,Aula
2026-07-13,TN1,15:00,Aula,Aula
2026-07-13,TN1,16:00,Aula,Aula
2026-07-13,TN1,17:00,Aula,Aula
2026-07-13,TN1,18:00,Aula,Aula
2026-07-13,TN1,19:00,Aula,Aula
2026-07-13,TN1,20:00,Aula,Aula
2026-07-14,TN1,06:00,Aula,Aula
2026-07-14,TN1,07:00,Aula,Aula
2026-07-14,TN1,08:00,Aula,Aula
2026-07-14,TN1,15:00,Aula,Aula
2026-07-14,TN1,16:00,Aula,Aula
2026-07-14,TN1,17:00,Aula,Aula
2026-07-14,TN1,18:00,Aula,Aula
2026-07-14,TN1,19:00,Aula,Aula
2026-07-14,TN1,20:00,Aula,Aula
2026-07-14,TN2,18:00,Aula,Aula
2026-07-14,TN2,19:00,Aula,Aula
2026-07-15,TN1,06:00,Aula,Aula
2026-07-15,TN1,07:00,Aula,Aula
2026-07-15,TN1,08:00,Aula,Aula
2026-07-15,TN1,09:00,Aula,Aula
2026-07-15,TN1,10:00,Aula,Aula
2026-07-15,TN1,11:00,Aula,Aula
2026-07-15,TN1,15:00,Aula,Aula
2026-07-15,TN1,16:00,Aula,Aula
2026-07-15,TN1,17:00,Aula,Aula
2026-07-15,TN1,18:00,Aula,Aula
2026-07-15,TN1,19:00,Aula,Aula
2026-07-15,TN2,17:00,Aula,Aula
2026-07-15,TN2,18:00,Aula,Aula
2026-07-15,BT1,16:00,Aula,Aula
2026-07-15,BT1,17:00,Aula,Aula
2026-07-15,BT1,18:00,Aula,Aula
2026-07-15,BT1,19:00,Aula,Aula
2026-07-15,BT1,20:00,Aula,Aula
2026-07-16,TN1,06:00,Aula,Aula
2026-07-16,TN1,07:00,Aula,Aula
2026-07-16,TN1,08:00,Aula,Aula
2026-07-16,TN1,09:00,Aula,Aula
2026-07-16,TN1,15:00,Aula,Aula
2026-07-16,TN1,16:00,Aula,Aula
2026-07-16,TN1,17:00,Aula,Aula
2026-07-16,TN1,18:00,Aula,Aula
2026-07-16,TN1,19:00,Aula,Aula
2026-07-16,TN2,18:00,Aula,Aula
2026-07-17,TN1,06:00,Aula,Aula
2026-07-17,TN1,07:00,Aula,Aula
2026-07-17,TN1,08:00,Aula,Aula
2026-07-17,TN1,09:00,Aula,Aula
2026-07-17,TN1,10:00,Aula,Aula
2026-07-17,TN1,15:00,Aula,Aula
2026-07-17,TN1,16:00,Aula,Aula
2026-07-17,TN1,17:00,Aula,Aula
2026-07-17,TN1,18:00,Aula,Aula
2026-07-20,TN1,06:00,Aula,Aula
2026-07-20,TN1,07:00,Aula,Aula
2026-07-20,TN1,08:00,Aula,Aula
2026-07-20,TN1,09:00,Aula,Aula
2026-07-20,TN1,15:00,Aula,Aula
2026-07-20,TN1,16:00,Aula,Aula
2026-07-20,TN1,17:00,Aula,Aula
2026-07-20,TN1,18:00,Aula,Aula
2026-07-20,TN1,19:00,Aula,Aula
2026-07-20,TN1,20:00,Aula,Aula
2026-07-21,TN1,06:00,Aula,Aula
2026-07-21,TN1,07:00,Aula,Aula
2026-07-21,TN1,08:00,Aula,Aula
2026-07-21,TN1,15:00,Aula,Aula
2026-07-21,TN1,16:00,Aula,Aula
2026-07-21,TN1,17:00,Aula,Aula
2026-07-21,TN1,18:00,Aula,Aula
2026-07-21,TN1,19:00,Aula,Aula
2026-07-21,TN1,20:00,Aula,Aula
2026-07-21,TN2,18:00,Aula,Aula
2026-07-21,TN2,19:00,Aula,Aula
2026-07-22,TN1,06:00,Aula,Aula
2026-07-22,TN1,07:00,Aula,Aula
2026-07-22,TN1,08:00,Aula,Aula
2026-07-22,TN1,09:00,Aula,Aula
2026-07-22,TN1,10:00,Aula,Aula
2026-07-22,TN1,11:00,Aula,Aula
2026-07-22,TN1,15:00,Aula,Aula
2026-07-22,TN1,16:00,Aula,Aula
2026-07-22,TN1,17:00,Aula,Aula
2026-07-22,TN1,18:00,Aula,Aula
2026-07-22,TN1,19:00,Aula,Aula
2026-07-22,TN2,17:00,Aula,Aula
2026-07-22,TN2,18:00,Aula,Aula
2026-07-22,BT1,16:00,Aula,Aula
2026-07-22,BT1,17:00,Aula,Aula
2026-07-22,BT1,18:00,Aula,Aula
2026-07-22,BT1,19:00,Aula,Aula
2026-07-22,BT1,20:00,Aula,Aula
2026-07-23,TN1,06:00,Aula,Aula
2026-07-23,TN1,07:00,Aula,Aula
2026-07-23,TN1,08:00,Aula,Aula
2026-07-23,TN1,09:00,Aula,Aula
2026-07-23,TN1,15:00,Aula,Aula
2026-07-23,TN1,16:00,Aula,Aula
2026-07-23,TN1,17:00,Aula,Aula
2026-07-23,TN1,18:00,Aula,Aula
2026-07-23,TN1,19:00,Aula,Aula
2026-07-23,TN2,18:00,Aula,Aula
2026-07-24,TN1,06:00,Aula,Aula
2026-07-24,TN1,07:00,Aula,Aula
2026-07-24,TN1,08:00,Aula,Aula
2026-07-24,TN1,09:00,Aula,Aula
2026-07-24,TN1,10:00,Aula,Aula
2026-07-24,TN1,15:00,Aula,Aula
2026-07-24,TN1,16:00,Aula,Aula
2026-07-24,TN1,17:00,Aula,Aula
2026-07-24,TN1,18:00,Aula,Aula
2026-07-27,TN1,06:00,Aula,Aula
2026-07-27,TN1,07:00,Aula,Aula
2026-07-27,TN1,08:00,Aula,Aula
2026-07-27,TN1,09:00,Aula,Aula
2026-07-27,TN1,15:00,Aula,Aula
2026-07-27,TN1,16:00,Aula,Aula
2026-07-27,TN1,17:00,Aula,Aula
2026-07-27,TN1,18:00,Aula,Aula
2026-07-27,TN1,19:00,Aula,Aula
2026-07-27,TN1,20:00,Aula,Aula
2026-07-28,TN1,06:00,Aula,Aula
2026-07-28,TN1,07:00,Aula,Aula
2026-07-28,TN1,08:00,Aula,Aula
2026-07-28,TN1,15:00,Aula,Aula
2026-07-28,TN1,16:00,Aula,Aula
2026-07-28,TN1,17:00,Aula,Aula
2026-07-28,TN1,18:00,Aula,Aula
2026-07-28,TN1,19:00,Aula,Aula
2026-07-28,TN1,20:00,Aula,Aula
2026-07-28,TN2,18:00,Aula,Aula
2026-07-28,TN2,19:00,Aula,Aula
2026-07-29,TN1,06:00,Aula,Aula
2026-07-29,TN1,07:00,Aula,Aula
2026-07-29,TN1,08:00,Aula,Aula
2026-07-29,TN1,09:00,Aula,Aula
2026-07-29,TN1,10:00,Aula,Aula
2026-07-29,TN1,11:00,Aula,Aula
2026-07-29,TN1,15:00,Aula,Aula
2026-07-29,TN1,16:00,Aula,Aula
2026-07-29,TN1,17:00,Aula,Aula
2026-07-29,TN1,18:00,Aula,Aula
2026-07-29,TN1,19:00,Aula,Aula
2026-07-29,TN2,17:00,Aula,Aula
2026-07-29,TN2,18:00,Aula,Aula
2026-07-29,BT1,16:00,Aula,Aula
2026-07-29,BT1,17:00,Aula,Aula
2026-07-29,BT1,18:00,Aula,Aula
2026-07-29,BT1,19:00,Aula,Aula
2026-07-29,BT1,20:00,Aula,Aula
2026-07-30,TN1,06:00,Aula,Aula
2026-07-30,TN1,07:00,Aula,Aula
2026-07-30,TN1,08:00,Aula,Aula
2026-07-30,TN1,09:00,Aula,Aula
2026-07-30,TN1,15:00,Aula,Aula
2026-07-30,TN1,16:00,Aula,Aula
2026-07-30,TN1,17:00,Aula,Aula
2026-07-30,TN1,18:00,Aula,Aula
2026-07-30,TN1,19:00,Aula,Aula
2026-07-30,TN2,18:00,Aula,Aula
2026-07-31,TN1,06:00,Aula,Aula
2026-07-31,TN1,07:00,Aula,Aula
2026-07-31,TN1,08:00,Aula,Aula
2026-07-31,TN1,09:00,Aula,Aula
2026-07-31,TN1,10:00,Aula,Aula
2026-07-31,TN1,15:00,Aula,Aula
2026-07-31,TN1,16:00,Aula,Aula
2026-07-31,TN1,17:00,Aula,Aula
2026-07-31,TN1,18:00,Aula,Aula
2026-08-03,TN1,06:00,Aula,Aula
2026-08-03,TN1,07:00,Aula,Aula
2026-08-03,TN1,08:00,Aula,Aula
2026-08-03,TN1,09:00,Aula,Aula
2026-08-03,TN1,15:00,Aula,Aula
2026-08-03,TN1,16:00,Aula,Aula
2026-08-03,TN1,17:00,Aula,Aula
2026-08-03,TN1,18:00,Aula,Aula
2026-08-03,TN1,19:00,Aula,Aula
2026-08-03,TN1,20:00,Aula,Aula
2026-08-04,TN1,06:00,Aula,Aula
2026-08-04,TN1,07:00,Aula,Aula
2026-08-04,TN1,08:00,Aula,Aula
2026-08-04,TN1,15:00,Aula,Aula
2026-08-04,TN1,16:00,Aula,Aula
2026-08-04,TN1,17:00,Aula,Aula
2026-08-04,TN1,18:00,Aula,Aula
2026-08-04,TN1,19:00,Aula,Aula
2026-08-04,TN1,20:00,Aula,Aula
2026-08-04,TN2,18:00,Aula,Aula
2026-08-04,TN2,19:00,Aula,Aula
2026-08-05,TN1,06:00,Aula,Aula
2026-08-05,TN1,07:00,Aula,Aula
2026-08-05,TN1,08:00,Aula,Aula
2026-08-05,TN1,09:00,Aula,Aula
2026-08-05,TN1,10:00,Aula,Aula
2026-08-05,TN1,11:00,Aula,Aula
2026-08-05,TN1,15:00,Aula,Aula
2026-08-05,TN1,16:00,Aula,Aula
2026-08-05,TN1,17:00,Aula,Aula
2026-08-05,TN1,18:00,Aula,Aula
2026-08-05,TN1,19:00,Aula,Aula
2026-08-05,TN2,17:00,Aula,Aula
2026-08-05,TN2,18:00,Aula,Aula
2026-08-05,BT1,16:00,Aula,Aula
2026-08-05,BT1,17:00,Aula,Aula
2026-08-05,BT1,18:00,Aula,Aula
2026-08-05,BT1,19:00,Aula,Aula
2026-08-05,BT1,20:00,Aula,Aula
2026-08-06,TN1,06:00,Aula,Aula
2026-08-06,TN1,07:00,Aula,Aula
2026-08-06,TN1,08:00,Aula,Aula
2026-08-06,TN1,09:00,Aula,Aula
2026-08-06,TN1,15:00,Aula,Aula
2026-08-06,TN1,16:00,Aula,Aula
2026-08-06,TN1,17:00,Aula,Aula
2026-08-06,TN1,18:00,Aula,Aula
2026-08-06,TN1,19:00,Aula,Aula
2026-08-06,TN2,18:00,Aula,Aula
2026-08-07,TN1,06:00,Aula,Aula
2026-08-07,TN1,07:00,Aula,Aula
2026-08-07,TN1,08:00,Aula,Aula
2026-08-07,TN1,09:00,Aula,Aula
2026-08-07,TN1,10:00,Aula,Aula
2026-08-07,TN1,15:00,Aula,Aula
2026-08-07,TN1,16:00,Aula,Aula
2026-08-07,TN1,17:00,Aula,Aula
2026-08-07,TN1,18:00,Aula,Aula
2026-08-10,TN1,06:00,Aula,Aula
2026-08-10,TN1,07:00,Aula,Aula
2026-08-10,TN1,08:00,Aula,Aula
2026-08-10,TN1,09:00,Aula,Aula
2026-08-10,TN1,15:00,Aula,Aula
2026-08-10,TN1,16:00,Aula,Aula
2026-08-10,TN1,17:00,Aula,Aula
2026-08-10,TN1,18:00,Aula,Aula
2026-08-10,TN1,19:00,Aula,Aula
2026-08-10,TN1,20:00,Aula,Aula
2026-08-11,TN1,06:00,Aula,Aula
2026-08-11,TN1,07:00,Aula,Aula
2026-08-11,TN1,08:00,Aula,Aula
2026-08-11,TN1,15:00,Aula,Aula
2026-08-11,TN1,16:00,Aula,Aula
2026-08-11,TN1,17:00,Aula,Aula
2026-08-11,TN1,18:00,Aula,Aula
2026-08-11,TN1,19:00,Aula,Aula
2026-08-11,TN1,20:00,Aula,Aula
2026-08-11,TN2,18:00,Aula,Aula
2026-08-11,TN2,19:00,Aula,Aula
2026-08-12,TN1,06:00,Aula,Aula
2026-08-12,TN1,07:00,Aula,Aula
2026-08-12,TN1,08:00,Aula,Aula
2026-08-12,TN1,09:00,Aula,Aula
2026-08-12,TN1,10:00,Aula,Aula
2026-08-12,TN1,11:00,Aula,Aula
2026-08-12,TN1,15:00,Aula,Aula
2026-08-12,TN1,16:00,Aula,Aula
2026-08-12,TN1,17:00,Aula,Aula
2026-08-12,TN1,18:00,Aula,Aula
2026-08-12,TN1,19:00,Aula,Aula
2026-08-12,TN2,17:00,Aula,Aula
2026-08-12,TN2,18:00,Aula,Aula
2026-08-12,BT1,16:00,Aula,Aula
2026-08-12,BT1,17:00,Aula,Aula
2026-08-12,BT1,18:00,Aula,Aula
2026-08-12,BT1,19:00,Aula,Aula
2026-08-12,BT1,20:00,Aula,Aula
2026-08-13,TN1,06:00,Aula,Aula
2026-08-13,TN1,07:00,Aula,Aula
2026-08-13,TN1,08:00,Aula,Aula
2026-08-13,TN1,09:00,Aula,Aula
2026-08-13,TN1,15:00,Aula,Aula
2026-08-13,TN1,16:00,Aula,Aula
2026-08-13,TN1,17:00,Aula,Aula
2026-08-13,TN1,18:00,Aula,Aula
2026-08-13,TN1,19:00,Aula,Aula
2026-08-13,TN2,18:00,Aula,Aula
2026-08-14,TN1,06:00,Aula,Aula
2026-08-14,TN1,07:00,Aula,Aula
2026-08-14,TN1,08:00,Aula,Aula
2026-08-14,TN1,09:00,Aula,Aula
2026-08-14,TN1,10:00,Aula,Aula
2026-08-14,TN1,15:00,Aula,Aula
2026-08-14,TN1,16:00,Aula,Aula
2026-08-14,TN1,17:00,Aula,Aula
2026-08-14,TN1,18:00,Aula,Aula
2026-08-17,TN1,06:00,Aula,Aula
2026-08-17,TN1,07:00,Aula,Aula
2026-08-17,TN1,08:00,Aula,Aula
2026-08-17,TN1,09:00,Aula,Aula
2026-08-17,TN1,15:00,Aula,Aula
2026-08-17,TN1,16:00,Aula,Aula
2026-08-17,TN1,17:00,Aula,Aula
2026-08-17,TN1,18:00,Aula,Aula
2026-08-17,TN1,19:00,Aula,Aula
2026-08-17,TN1,20:00,Aula,Aula
2026-08-18,TN1,06:00,Aula,Aula
2026-08-18,TN1,07:00,Aula,Aula
2026-08-18,TN1,08:00,Aula,Aula
2026-08-18,TN1,15:00,Aula,Aula
2026-08-18,TN1,16:00,Aula,Aula
2026-08-18,TN1,17:00,Aula,Aula
2026-08-18,TN1,18:00,Aula,Aula
2026-08-18,TN1,19:00,Aula,Aula
2026-08-18,TN1,20:00,Aula,Aula
2026-08-18,TN2,18:00,Aula,Aula
2026-08-18,TN2,19:00,Aula,Aula
2026-08-19,TN1,06:00,Aula,Aula
2026-08-19,TN1,07:00,Aula,Aula
2026-08-19,TN1,08:00,Aula,Aula
2026-08-19,TN1,09:00,Aula,Aula
2026-08-19,TN1,10:00,Aula,Aula
2026-08-19,TN1,11:00,Aula,Aula
2026-08-19,TN1,15:00,Aula,Aula
2026-08-19,TN1,16:00,Aula,Aula
2026-08-19,TN1,17:00,Aula,Aula
2026-08-19,TN1,18:00,Aula,Aula
2026-08-19,TN1,19:00,Aula,Aula
2026-08-19,TN2,17:00,Aula,Aula
2026-08-19,TN2,18:00,Aula,Aula
2026-08-19,BT1,16:00,Aula,Aula
2026-08-19,BT1,17:00,Aula,Aula
2026-08-19,BT1,18:00,Aula,Aula
2026-08-19,BT1,19:00,Aula,Aula
2026-08-19,BT1,20:00,Aula,Aula
2026-08-20,TN1,06:00,Aula,Aula
2026-08-20,TN1,07:00,Aula,Aula
2026-08-20,TN1,08:00,Aula,Aula
2026-08-20,TN1,09:00,Aula,Aula
2026-08-20,TN1,15:00,Aula,Aula
2026-08-20,TN1,16:00,Aula,Aula
2026-08-20,TN1,17:00,Aula,Aula
2026-08-20,TN1,18:00,Aula,Aula
2026-08-20,TN1,19:00,Aula,Aula
2026-08-20,TN2,18:00,Aula,Aula
2026-08-21,TN1,06:00,Aula,Aula
2026-08-21,TN1,07:00,Aula,Aula
2026-08-21,TN1,08:00,Aula,Aula
2026-08-21,TN1,09:00,Aula,Aula
2026-08-21,TN1,10:00,Aula,Aula
2026-08-21,TN1,15:00,Aula,Aula
2026-08-21,TN1,16:00,Aula,Aula
2026-08-21,TN1,17:00,Aula,Aula
2026-08-21,TN1,18:00,Aula,Aula
2026-08-24,TN1,06:00,Aula,Aula
2026-08-24,TN1,07:00,Aula,Aula
2026-08-24,TN1,08:00,Aula,Aula
2026-08-24,TN1,09:00,Aula,Aula
2026-08-24,TN1,15:00,Aula,Aula
2026-08-24,TN1,16:00,Aula,Aula
2026-08-24,TN1,17:00,Aula,Aula
2026-08-24,TN1,18:00,Aula,Aula
2026-08-24,TN1,19:00,Aula,Aula
2026-08-24,TN1,20:00,Aula,Aula
2026-08-25,TN1,06:00,Aula,Aula
2026-08-25,TN1,07:00,Aula,Aula
2026-08-25,TN1,08:00,Aula,Aula
2026-08-25,TN1,15:00,Aula,Aula
2026-08-25,TN1,16:00,Aula,Aula
2026-08-25,TN1,17:00,Aula,Aula
2026-08-25,TN1,18:00,Aula,Aula
2026-08-25,TN1,19:00,Aula,Aula
2026-08-25,TN1,20:00,Aula,Aula
2026-08-25,TN2,18:00,Aula,Aula
2026-08-25,TN2,19:00,Aula,Aula
2026-08-26,TN1,06:00,Aula,Aula
2026-08-26,TN1,07:00,Aula,Aula
2026-08-26,TN1,08:00,Aula,Aula
2026-08-26,TN1,09:00,Aula,Aula
2026-08-26,TN1,10:00,Aula,Aula
2026-08-26,TN1,11:00,Aula,Aula
2026-08-26,TN1,15:00,Aula,Aula
2026-08-26,TN1,16:00,Aula,Aula
2026-08-26,TN1,17:00,Aula,Aula
2026-08-26,TN1,18:00,Aula,Aula
2026-08-26,TN1,19:00,Aula,Aula
2026-08-26,TN2,17:00,Aula,Aula
2026-08-26,TN2,18:00,Aula,Aula
2026-08-26,BT1,16:00,Aula,Aula
2026-08-26,BT1,17:00,Aula,Aula
2026-08-26,BT1,18:00,Aula,Aula
2026-08-26,BT1,19:00,Aula,Aula
2026-08-26,BT1,20:00,Aula,Aula
2026-08-27,TN1,06:00,Aula,Aula
2026-08-27,TN1,07:00,Aula,Aula
2026-08-27,TN1,08:00,Aula,Aula
2026-08-27,TN1,09:00,Aula,Aula
2026-08-27,TN1,15:00,Aula,Aula
2026-08-27,TN1,16:00,Aula,Aula
2026-08-27,TN1,17:00,Aula,Aula
2026-08-27,TN1,18:00,Aula,Aula
2026-08-27,TN1,19:00,Aula,Aula
2026-08-27,TN2,18:00,Aula,Aula
2026-08-28,TN1,06:00,Aula,Aula
2026-08-28,TN1,07:00,Aula,Aula
2026-08-28,TN1,08:00,Aula,Aula
2026-08-28,TN1,09:00,Aula,Aula
2026-08-28,TN1,10:00,Aula,Aula
2026-08-28,TN1,15:00,Aula,Aula
2026-08-28,TN1,16:00,Aula,Aula
2026-08-28,TN1,17:00,Aula,Aula
2026-08-28,TN1,18:00,Aula,Aula
2026-08-31,TN1,06:00,Aula,Aula
2026-08-31,TN1,07:00,Aula,Aula
2026-08-31,TN1,08:00,Aula,Aula
2026-08-31,TN1,09:00,Aula,Aula
2026-08-31,TN1,15:00,Aula,Aula
2026-08-31,TN1,16:00,Aula,Aula
2026-08-31,TN1,17:00,Aula,Aula
2026-08-31,TN1,18:00,Aula,Aula
2026-08-31,TN1,19:00,Aula,Aula
2026-08-31,TN1,20:00,Aula,Aula
2026-09-01,TN1,06:00,Aula,Aula
2026-09-01,TN1,07:00,Aula,Aula
2026-09-01,TN1,08:00,Aula,Aula
2026-09-01,TN1,15:00,Aula,Aula
2026-09-01,TN1,16:00,Aula,Aula
2026-09-01,TN1,17:00,Aula,Aula
2026-09-01,TN1,18:00,Aula,Aula
2026-09-01,TN1,19:00,Aula,Aula
2026-09-01,TN1,20:00,Aula,Aula
2026-09-01,TN2,18:00,Aula,Aula
2026-09-01,TN2,19:00,Aula,Aula
2026-09-02,TN1,06:00,Aula,Aula
2026-09-02,TN1,07:00,Aula,Aula
2026-09-02,TN1,08:00,Aula,Aula
2026-09-02,TN1,09:00,Aula,Aula
2026-09-02,TN1,10:00,Aula,Aula
2026-09-02,TN1,11:00,Aula,Aula
2026-09-02,TN1,15:00,Aula,Aula
2026-09-02,TN1,16:00,Aula,Aula
2026-09-02,TN1,17:00,Aula,Aula
2026-09-02,TN1,18:00,Aula,Aula
2026-09-02,TN1,19:00,Aula,Aula
2026-09-02,TN2,17:00,Aula,Aula
2026-09-02,TN2,18:00,Aula,Aula
2026-09-02,BT1,16:00,Aula,Aula
2026-09-02,BT1,17:00,Aula,Aula
2026-09-02,BT1,18:00,Aula,Aula
2026-09-02,BT1,19:00,Aula,Aula
2026-09-02,BT1,20:00,Aula,Aula
2026-09-03,TN1,06:00,Aula,Aula
2026-09-03,TN1,07:00,Aula,Aula
2026-09-03,TN1,08:00,Aula,Aula
2026-09-03,TN1,09:00,Aula,Aula
2026-09-03,TN1,15:00,Aula,Aula
2026-09-03,TN1,16:00,Aula,Aula
2026-09-03,TN1,17:00,Aula,Aula
2026-09-03,TN1,18:00,Aula,Aula
2026-09-03,TN1,19:00,Aula,Aula
2026-09-03,TN2,18:00,Aula,Aula
2026-09-04,TN1,06:00,Aula,Aula
2026-09-04,TN1,07:00,Aula,Aula
2026-09-04,TN1,08:00,Aula,Aula
2026-09-04,TN1,09:00,Aula,Aula
2026-09-04,TN1,10:00,Aula,Aula
2026-09-04,TN1,15:00,Aula,Aula
2026-09-04,TN1,16:00,Aula,Aula
2026-09-04,TN1,17:00,Aula,Aula
2026-09-04,TN1,18:00,Aula,Aula
2026-09-07,TN1,06:00,Aula,Aula
2026-09-07,TN1,07:00,Aula,Aula
2026-09-07,TN1,08:00,Aula,Aula
2026-09-07,TN1,09:00,Aula,Aula
2026-09-07,TN1,15:00,Aula,Aula
2026-09-07,TN1,16:00,Aula,Aula
2026-09-07,TN1,17:00,Aula,Aula
2026-09-07,TN1,18:00,Aula,Aula
2026-09-07,TN1,19:00,Aula,Aula
2026-09-07,TN1,20:00,Aula,Aula
2026-09-08,TN1,06:00,Aula,Aula
2026-09-08,TN1,07:00,Aula,Aula
2026-09-08,TN1,08:00,Aula,Aula
2026-09-08,TN1,15:00,Aula,Aula
2026-09-08,TN1,16:00,Aula,Aula
2026-09-08,TN1,17:00,Aula,Aula
2026-09-08,TN1,18:00,Aula,Aula
2026-09-08,TN1,19:00,Aula,Aula
2026-09-08,TN1,20:00,Aula,Aula
2026-09-08,TN2,18:00,Aula,Aula
2026-09-08,TN2,19:00,Aula,Aula
2026-09-09,TN1,06:00,Aula,Aula
2026-09-09,TN1,07:00,Aula,Aula
2026-09-09,TN1,08:00,Aula,Aula
2026-09-09,TN1,09:00,Aula,Aula
2026-09-09,TN1,10:00,Aula,Aula
2026-09-09,TN1,11:00,Aula,Aula
2026-09-09,TN1,15:00,Aula,Aula
2026-09-09,TN1,16:00,Aula,Aula
2026-09-09,TN1,17:00,Aula,Aula
2026-09-09,TN1,18:00,Aula,Aula
2026-09-09,TN1,19:00,Aula,Aula
2026-09-09,TN2,17:00,Aula,Aula
2026-09-09,TN2,18:00,Aula,Aula
2026-09-09,BT1,16:00,Aula,Aula
2026-09-09,BT1,17:00,Aula,Aula
2026-09-09,BT1,18:00,Aula,Aula
2026-09-09,BT1,19:00,Aula,Aula
2026-09-09,BT1,20:00,Aula,Aula
2026-09-10,TN1,06:00,Aula,Aula
2026-09-10,TN1,07:00,Aula,Aula
2026-09-10,TN1,08:00,Aula,Aula
2026-09-10,TN1,09:00,Aula,Aula
2026-09-10,TN1,15:00,Aula,Aula
2026-09-10,TN1,16:00,Aula,Aula
2026-09-10,TN1,17:00,Aula,Aula
2026-09-10,TN1,18:00,Aula,Aula
2026-09-10,TN1,19:00,Aula,Aula
2026-09-10,TN2,18:00,Aula,Aula
2026-09-11,TN1,06:00,Aula,Aula
2026-09-11,TN1,07:00,Aula,Aula
2026-09-11,TN1,08:00,Aula,Aula
2026-09-11,TN1,09:00,Aula,Aula
2026-09-11,TN1,10:00,Aula,Aula
2026-09-11,TN1,15:00,Aula,Aula
2026-09-11,TN1,16:00,Aula,Aula
2026-09-11,TN1,17:00,Aula,Aula
2026-09-11,TN1,18:00,Aula,Aula
2026-09-14,TN1,06:00,Aula,Aula
2026-09-14,TN1,07:00,Aula,Aula
2026-09-14,TN1,08:00,Aula,Aula
2026-09-14,TN1,09:00,Aula,Aula
2026-09-14,TN1,15:00,Aula,Aula
2026-09-14,TN1,16:00,Aula,Aula
2026-09-14,TN1,17:00,Aula,Aula
2026-09-14,TN1,18:00,Aula,Aula
2026-09-14,TN1,19:00,Aula,Aula
2026-09-14,TN1,20:00,Aula,Aula
2026-09-15,TN1,06:00,Aula,Aula
2026-09-15,TN1,07:00,Aula,Aula
2026-09-15,TN1,08:00,Aula,Aula
2026-09-15,TN1,15:00,Aula,Aula
2026-09-15,TN1,16:00,Aula,Aula
2026-09-15,TN1,17:00,Aula,Aula
2026-09-15,TN1,18:00,Aula,Aula
2026-09-15,TN1,19:00,Aula,Aula
2026-09-15,TN1,20:00,Aula,Aula
2026-09-15,TN2,18:00,Aula,Aula
2026-09-15,TN2,19:00,Aula,Aula
2026-09-16,TN1,06:00,Aula,Aula
2026-09-16,TN1,07:00,Aula,Aula
2026-09-16,TN1,08:00,Aula,Aula
2026-09-16,TN1,09:00,Aula,Aula
2026-09-16,TN1,10:00,Aula,Aula
2026-09-16,TN1,11:00,Aula,Aula
2026-09-16,TN1,15:00,Aula,Aula
2026-09-16,TN1,16:00,Aula,Aula
2026-09-16,TN1,17:00,Aula,Aula
2026-09-16,TN1,18:00,Aula,Aula
2026-09-16,TN1,19:00,Aula,Aula
2026-09-16,TN2,17:00,Aula,Aula
2026-09-16,TN2,18:00,Aula,Aula
2026-09-16,BT1,16:00,Aula,Aula
2026-09-16,BT1,17:00,Aula,Aula
2026-09-16,BT1,18:00,Aula,Aula
2026-09-16,BT1,19:00,Aula,Aula
2026-09-16,BT1,20:00,Aula,Aula
2026-09-17,TN1,06:00,Aula,Aula
2026-09-17,TN1,07:00,Aula,Aula
2026-09-17,TN1,08:00,Aula,Aula
2026-09-17,TN1,09:00,Aula,Aula
2026-09-17,TN1,15:00,Aula,Aula
2026-09-17,TN1,16:00,Aula,Aula
2026-09-17,TN1,17:00,Aula,Aula
2026-09-17,TN1,18:00,Aula,Aula
2026-09-17,TN1,19:00,Aula,Aula
2026-09-17,TN2,18:00,Aula,Aula
2026-09-18,TN1,06:00,Aula,Aula
2026-09-18,TN1,07:00,Aula,Aula
2026-09-18,TN1,08:00,Aula,Aula
2026-09-18,TN1,09:00,Aula,Aula
2026-09-18,TN1,10:00,Aula,Aula
2026-09-18,TN1,15:00,Aula,Aula
2026-09-18,TN1,16:00,Aula,Aula
2026-09-18,TN1,17:00,Aula,Aula
2026-09-18,TN1,18:00,Aula,Aula
2026-09-21,TN1,06:00,Aula,Aula
2026-09-21,TN1,07:00,Aula,Aula
2026-09-21,TN1,08:00,Aula,Aula
2026-09-21,TN1,09:00,Aula,Aula
2026-09-21,TN1,15:00,Aula,Aula
2026-09-21,TN1,16:00,Aula,Aula
2026-09-21,TN1,17:00,Aula,Aula
2026-09-21,TN1,18:00,Aula,Aula
2026-09-21,TN1,19:00,Aula,Aula
2026-09-21,TN1,20:00,Aula,Aula
2026-09-22,TN1,06:00,Aula,Aula
2026-09-22,TN1,07:00,Aula,Aula
2026-09-22,TN1,08:00,Aula,Aula
2026-09-22,TN1,15:00,Aula,Aula
2026-09-22,TN1,16:00,Aula,Aula
2026-09-22,TN1,17:00,Aula,Aula
2026-09-22,TN1,18:00,Aula,Aula
2026-09-22,TN1,19:00,Aula,Aula
2026-09-22,TN1,20:00,Aula,Aula
2026-09-22,TN2,18:00,Aula,Aula
2026-09-22,TN2,19:00,Aula,Aula
2026-09-23,TN1,06:00,Aula,Aula
2026-09-23,TN1,07:00,Aula,Aula
2026-09-23,TN1,08:00,Aula,Aula
2026-09-23,TN1,09:00,Aula,Aula
2026-09-23,TN1,10:00,Aula,Aula
2026-09-23,TN1,11:00,Aula,Aula
2026-09-23,TN1,15:00,Aula,Aula
2026-09-23,TN1,16:00,Aula,Aula
2026-09-23,TN1,17:00,Aula,Aula
2026-09-23,TN1,18:00,Aula,Aula
2026-09-23,TN1,19:00,Aula,Aula
2026-09-23,TN2,17:00,Aula,Aula
2026-09-23,TN2,18:00,Aula,Aula
2026-09-23,BT1,16:00,Aula,Aula
2026-09-23,BT1,17:00,Aula,Aula
2026-09-23,BT1,18:00,Aula,Aula
2026-09-23,BT1,19:00,Aula,Aula
2026-09-23,BT1,20:00,Aula,Aula
2026-09-24,TN1,06:00,Aula,Aula
2026-09-24,TN1,07:00,Aula,Aula
2026-09-24,TN1,08:00,Aula,Aula
2026-09-24,TN1,09:00,Aula,Aula
2026-09-24,TN1,15:00,Aula,Aula
2026-09-24,TN1,16:00,Aula,Aula
2026-09-24,TN1,17:00,Aula,Aula
2026-09-24,TN1,18:00,Aula,Aula
2026-09-24,TN1,19:00,Aula,Aula
2026-09-24,TN2,18:00,Aula,Aula
2026-09-25,TN1,06:00,Aula,Aula
2026-09-25,TN1,07:00,Aula,Aula
2026-09-25,TN1,08:00,Aula,Aula
2026-09-25,TN1,09:00,Aula,Aula
2026-09-25,TN1,10:00,Aula,Aula
2026-09-25,TN1,15:00,Aula,Aula
2026-09-25,TN1,16:00,Aula,Aula
2026-09-25,TN1,17:00,Aula,Aula
2026-09-25,TN1,18:00,Aula,Aula
2026-09-28,TN1,06:00,Aula,Aula
2026-09-28,TN1,07:00,Aula,Aula
2026-09-28,TN1,08:00,Aula,Aula
2026-09-28,TN1,09:00,Aula,Aula
2026-09-28,TN1,15:00,Aula,Aula
2026-09-28,TN1,16:00,Aula,Aula
2026-09-28,TN1,17:00,Aula,Aula
2026-09-28,TN1,18:00,Aula,Aula
2026-09-28,TN1,19:00,Aula,Aula
2026-09-28,TN1,20:00,Aula,Aula
2026-09-29,TN1,06:00,Aula,Aula
2026-09-29,TN1,07:00,Aula,Aula
2026-09-29,TN1,08:00,Aula,Aula
2026-09-29,TN1,15:00,Aula,Aula
2026-09-29,TN1,16:00,Aula,Aula
2026-09-29,TN1,17:00,Aula,Aula
2026-09-29,TN1,18:00,Aula,Aula
2026-09-29,TN1,19:00,Aula,Aula
2026-09-29,TN1,20:00,Aula,Aula
2026-09-29,TN2,18:00,Aula,Aula
2026-09-29,TN2,19:00,Aula,Aula
2026-09-30,TN1,06:00,Aula,Aula
2026-09-30,TN1,07:00,Aula,Aula
2026-09-30,TN1,08:00,Aula,Aula
2026-09-30,TN1,09:00,Aula,Aula
2026-09-30,TN1,10:00,Aula,Aula
2026-09-30,TN1,11:00,Aula,Aula
2026-09-30,TN1,15:00,Aula,Aula
2026-09-30,TN1,16:00,Aula,Aula
2026-09-30,TN1,17:00,Aula,Aula
2026-09-30,TN1,18:00,Aula,Aula
2026-09-30,TN1,19:00,Aula,Aula
2026-09-30,TN2,17:00,Aula,Aula
2026-09-30,TN2,18:00,Aula,Aula
2026-09-30,BT1,16:00,Aula,Aula
2026-09-30,BT1,17:00,Aula,Aula
2026-09-30,BT1,18:00,Aula,Aula
2026-09-30,BT1,19:00,Aula,Aula
2026-09-30,BT1,20:00,Aula,Aula
2026-10-01,TN1,06:00,Aula,Aula
2026-10-01,TN1,07:00,Aula,Aula
2026-10-01,TN1,08:00,Aula,Aula
2026-10-01,TN1,09:00,Aula,Aula
2026-10-01,TN1,15:00,Aula,Aula
2026-10-01,TN1,16:00,Aula,Aula
2026-10-01,TN1,17:00,Aula,Aula
2026-10-01,TN1,18:00,Aula,Aula
2026-10-01,TN1,19:00,Aula,Aula
2026-10-01,TN2,18:00,Aula,Aula
2026-10-02,TN1,06:00,Aula,Aula
2026-10-02,TN1,07:00,Aula,Aula
2026-10-02,TN1,08:00,Aula,Aula
2026-10-02,TN1,09:00,Aula,Aula
2026-10-02,TN1,10:00,Aula,Aula
2026-10-02,TN1,15:00,Aula,Aula
2026-10-02,TN1,16:00,Aula,Aula
2026-10-02,TN1,17:00,Aula,Aula
2026-10-02,TN1,18:00,Aula,Aula
2026-10-05,TN1,06:00,Aula,Aula
2026-10-05,TN1,07:00,Aula,Aula
2026-10-05,TN1,08:00,Aula,Aula
2026-10-05,TN1,09:00,Aula,Aula
2026-10-05,TN1,15:00,Aula,Aula
2026-10-05,TN1,16:00,Aula,Aula
2026-10-05,TN1,17:00,Aula,Aula
2026-10-05,TN1,18:00,Aula,Aula
2026-10-05,TN1,19:00,Aula,Aula
2026-10-05,TN1,20:00,Aula,Aula
2026-10-06,TN1,06:00,Aula,Aula
2026-10-06,TN1,07:00,Aula,Aula
2026-10-06,TN1,08:00,Aula,Aula
2026-10-06,TN1,15:00,Aula,Aula
2026-10-06,TN1,16:00,Aula,Aula
2026-10-06,TN1,17:00,Aula,Aula
2026-10-06,TN1,18:00,Aula,Aula
2026-10-06,TN1,19:00,Aula,Aula
2026-10-06,TN1,20:00,Aula,Aula
2026-10-06,TN2,18:00,Aula,Aula
2026-10-06,TN2,19:00,Aula,Aula
2026-10-07,TN1,06:00,Aula,Aula
2026-10-07,TN1,07:00,Aula,Aula
2026-10-07,TN1,08:00,Aula,Aula
2026-10-07,TN1,09:00,Aula,Aula
2026-10-07,TN1,10:00,Aula,Aula
2026-10-07,TN1,11:00,Aula,Aula
2026-10-07,TN1,15:00,Aula,Aula
2026-10-07,TN1,16:00,Aula,Aula
2026-10-07,TN1,17:00,Aula,Aula
2026-10-07,TN1,18:00,Aula,Aula
2026-10-07,TN1,19:00,Aula,Aula
2026-10-07,TN2,17:00,Aula,Aula
2026-10-07,TN2,18:00,Aula,Aula
2026-10-07,BT1,16:00,Aula,Aula
2026-10-07,BT1,17:00,Aula,Aula
2026-10-07,BT1,18:00,Aula,Aula
2026-10-07,BT1,19:00,Aula,Aula
2026-10-07,BT1,20:00,Aula,Aula
2026-10-08,TN1,06:00,Aula,Aula
2026-10-08,TN1,07:00,Aula,Aula
2026-10-08,TN1,08:00,Aula,Aula
2026-10-08,TN1,09:00,Aula,Aula
2026-10-08,TN1,15:00,Aula,Aula
2026-10-08,TN1,16:00,Aula,Aula
2026-10-08,TN1,17:00,Aula,Aula
2026-10-08,TN1,18:00,Aula,Aula
2026-10-08,TN1,19:00,Aula,Aula
2026-10-08,TN2,18:00,Aula,Aula
2026-10-09,TN1,06:00,Aula,Aula
2026-10-09,TN1,07:00,Aula,Aula
2026-10-09,TN1,08:00,Aula,Aula
2026-10-09,TN1,09:00,Aula,Aula
2026-10-09,TN1,10:00,Aula,Aula
2026-10-09,TN1,15:00,Aula,Aula
2026-10-09,TN1,16:00,Aula,Aula
2026-10-09,TN1,17:00,Aula,Aula
2026-10-09,TN1,18:00,Aula,Aula
2026-10-12,TN1,06:00,Aula,Aula
2026-10-12,TN1,07:00,Aula,Aula
2026-10-12,TN1,08:00,Aula,Aula
2026-10-12,TN1,09:00,Aula,Aula
2026-10-12,TN1,15:00,Aula,Aula
2026-10-12,TN1,16:00,Aula,Aula
2026-10-12,TN1,17:00,Aula,Aula
2026-10-12,TN1,18:00,Aula,Aula
2026-10-12,TN1,19:00,Aula,Aula
2026-10-12,TN1,20:00,Aula,Aula
2026-10-13,TN1,06:00,Aula,Aula
2026-10-13,TN1,07:00,Aula,Aula
2026-10-13,TN1,08:00,Aula,Aula
2026-10-13,TN1,15:00,Aula,Aula
2026-10-13,TN1,16:00,Aula,Aula
2026-10-13,TN1,17:00,Aula,Aula
2026-10-13,TN1,18:00,Aula,Aula
2026-10-13,TN1,19:00,Aula,Aula
2026-10-13,TN1,20:00,Aula,Aula
2026-10-13,TN2,18:00,Aula,Aula
2026-10-13,TN2,19:00,Aula,Aula
2026-10-14,TN1,06:00,Aula,Aula
2026-10-14,TN1,07:00,Aula,Aula
2026-10-14,TN1,08:00,Aula,Aula
2026-10-14,TN1,09:00,Aula,Aula
2026-10-14,TN1,10:00,Aula,Aula
2026-10-14,TN1,11:00,Aula,Aula
2026-10-14,TN1,15:00,Aula,Aula
2026-10-14,TN1,16:00,Aula,Aula
2026-10-14,TN1,17:00,Aula,Aula
2026-10-14,TN1,18:00,Aula,Aula
2026-10-14,TN1,19:00,Aula,Aula
2026-10-14,TN2,17:00,Aula,Aula
2026-10-14,TN2,18:00,Aula,Aula
2026-10-14,BT1,16:00,Aula,Aula
2026-10-14,BT1,17:00,Aula,Aula
2026-10-14,BT1,18:00,Aula,Aula
2026-10-14,BT1,19:00,Aula,Aula
2026-10-14,BT1,20:00,Aula,Aula
2026-10-15,TN1,06:00,Aula,Aula
2026-10-15,TN1,07:00,Aula,Aula
2026-10-15,TN1,08:00,Aula,Aula
2026-10-15,TN1,09:00,Aula,Aula
2026-10-15,TN1,15:00,Aula,Aula
2026-10-15,TN1,16:00,Aula,Aula
2026-10-15,TN1,17:00,Aula,Aula
2026-10-15,TN1,18:00,Aula,Aula
2026-10-15,TN1,19:00,Aula,Aula
2026-10-15,TN2,18:00,Aula,Aula
2026-10-16,TN1,06:00,Aula,Aula
2026-10-16,TN1,07:00,Aula,Aula
2026-10-16,TN1,08:00,Aula,Aula
2026-10-16,TN1,09:00,Aula,Aula
2026-10-16,TN1,10:00,Aula,Aula
2026-10-16,TN1,15:00,Aula,Aula
2026-10-16,TN1,16:00,Aula,Aula
2026-10-16,TN1,17:00,Aula,Aula
2026-10-16,TN1,18:00,Aula,Aula
2026-10-19,TN1,06:00,Aula,Aula
2026-10-19,TN1,07:00,Aula,Aula
2026-10-19,TN1,08:00,Aula,Aula
2026-10-19,TN1,09:00,Aula,Aula
2026-10-19,TN1,15:00,Aula,Aula
2026-10-19,TN1,16:00,Aula,Aula
2026-10-19,TN1,17:00,Aula,Aula
2026-10-19,TN1,18:00,Aula,Aula
2026-10-19,TN1,19:00,Aula,Aula
2026-10-19,TN1,20:00,Aula,Aula
2026-10-20,TN1,06:00,Aula,Aula
2026-10-20,TN1,07:00,Aula,Aula
2026-10-20,TN1,08:00,Aula,Aula
2026-10-20,TN1,15:00,Aula,Aula
2026-10-20,TN1,16:00,Aula,Aula
2026-10-20,TN1,17:00,Aula,Aula
2026-10-20,TN1,18:00,Aula,Aula
2026-10-20,TN1,19:00,Aula,Aula
2026-10-20,TN1,20:00,Aula,Aula
2026-10-20,TN2,18:00,Aula,Aula
2026-10-20,TN2,19:00,Aula,Aula
2026-10-21,TN1,06:00,Aula,Aula
2026-10-21,TN1,07:00,Aula,Aula
2026-10-21,TN1,08:00,Aula,Aula
2026-10-21,TN1,09:00,Aula,Aula
2026-10-21,TN1,10:00,Aula,Aula
2026-10-21,TN1,11:00,Aula,Aula
2026-10-21,TN1,15:00,Aula,Aula
2026-10-21,TN1,16:00,Aula,Aula
2026-10-21,TN1,17:00,Aula,Aula
2026-10-21,TN1,18:00,Aula,Aula
2026-10-21,TN1,19:00,Aula,Aula
2026-10-21,TN2,17:00,Aula,Aula
2026-10-21,TN2,18:00,Aula,Aula
2026-10-21,BT1,16:00,Aula,Aula
2026-10-21,BT1,17:00,Aula,Aula
2026-10-21,BT1,18:00,Aula,Aula
2026-10-21,BT1,19:00,Aula,Aula
2026-10-21,BT1,20:00,Aula,Aula
2026-10-22,TN1,06:00,Aula,Aula
2026-10-22,TN1,07:00,Aula,Aula
2026-10-22,TN1,08:00,Aula,Aula
2026-10-22,TN1,09:00,Aula,Aula
2026-10-22,TN1,15:00,Aula,Aula
2026-10-22,TN1,16:00,Aula,Aula
2026-10-22,TN1,17:00,Aula,Aula
2026-10-22,TN1,18:00,Aula,Aula
2026-10-22,TN1,19:00,Aula,Aula
2026-10-22,TN2,18:00,Aula,Aula
2026-10-23,TN1,06:00,Aula,Aula
2026-10-23,TN1,07:00,Aula,Aula
2026-10-23,TN1,08:00,Aula,Aula
2026-10-23,TN1,09:00,Aula,Aula
2026-10-23,TN1,10:00,Aula,Aula
2026-10-23,TN1,15:00,Aula,Aula
2026-10-23,TN1,16:00,Aula,Aula
2026-10-23,TN1,17:00,Aula,Aula
2026-10-23,TN1,18:00,Aula,Aula
2026-10-26,TN1,06:00,Aula,Aula
2026-10-26,TN1,07:00,Aula,Aula
2026-10-26,TN1,08:00,Aula,Aula
2026-10-26,TN1,09:00,Aula,Aula
2026-10-26,TN1,15:00,Aula,Aula
2026-10-26,TN1,16:00,Aula,Aula
2026-10-26,TN1,17:00,Aula,Aula
2026-10-26,TN1,18:00,Aula,Aula
2026-10-26,TN1,19:00,Aula,Aula
2026-10-26,TN1,20:00,Aula,Aula
2026-10-27,TN1,06:00,Aula,Aula
2026-10-27,TN1,07:00,Aula,Aula
2026-10-27,TN1,08:00,Aula,Aula
2026-10-27,TN1,15:00,Aula,Aula
2026-10-27,TN1,16:00,Aula,Aula
2026-10-27,TN1,17:00,Aula,Aula
2026-10-27,TN1,18:00,Aula,Aula
2026-10-27,TN1,19:00,Aula,Aula
2026-10-27,TN1,20:00,Aula,Aula
2026-10-27,TN2,18:00,Aula,Aula
2026-10-27,TN2,19:00,Aula,Aula
2026-10-28,TN1,06:00,Aula,Aula
2026-10-28,TN1,07:00,Aula,Aula
2026-10-28,TN1,08:00,Aula,Aula
2026-10-28,TN1,09:00,Aula,Aula
2026-10-28,TN1,10:00,Aula,Aula
2026-10-28,TN1,11:00,Aula,Aula
2026-10-28,TN1,15:00,Aula,Aula
2026-10-28,TN1,16:00,Aula,Aula
2026-10-28,TN1,17:00,Aula,Aula
2026-10-28,TN1,18:00,Aula,Aula
2026-10-28,TN1,19:00,Aula,Aula
2026-10-28,TN2,17:00,Aula,Aula
2026-10-28,TN2,18:00,Aula,Aula
2026-10-28,BT1,16:00,Aula,Aula
2026-10-28,BT1,17:00,Aula,Aula
2026-10-28,BT1,18:00,Aula,Aula
2026-10-28,BT1,19:00,Aula,Aula
2026-10-28,BT1,20:00,Aula,Aula
2026-10-29,TN1,06:00,Aula,Aula
2026-10-29,TN1,07:00,Aula,Aula
2026-10-29,TN1,08:00,Aula,Aula
2026-10-29,TN1,09:00,Aula,Aula
2026-10-29,TN1,15:00,Aula,Aula
2026-10-29,TN1,16:00,Aula,Aula
2026-10-29,TN1,17:00,Aula,Aula
2026-10-29,TN1,18:00,Aula,Aula
2026-10-29,TN1,19:00,Aula,Aula
2026-10-29,TN2,18:00,Aula,Aula
2026-10-30,TN1,06:00,Aula,Aula
2026-10-30,TN1,07:00,Aula,Aula
2026-10-30,TN1,08:00,Aula,Aula
2026-10-30,TN1,09:00,Aula,Aula
2026-10-30,TN1,10:00,Aula,Aula
2026-10-30,TN1,15:00,Aula,Aula
2026-10-30,TN1,16:00,Aula,Aula
2026-10-30,TN1,17:00,Aula,Aula
2026-10-30,TN1,18:00,Aula,Aula
2026-11-02,TN1,06:00,Aula,Aula
2026-11-02,TN1,07:00,Aula,Aula
2026-11-02,TN1,08:00,Aula,Aula
2026-11-02,TN1,09:00,Aula,Aula
2026-11-02,TN1,15:00,Aula,Aula
2026-11-02,TN1,16:00,Aula,Aula
2026-11-02,TN1,17:00,Aula,Aula
2026-11-02,TN1,18:00,Aula,Aula
2026-11-02,TN1,19:00,Aula,Aula
2026-11-02,TN1,20:00,Aula,Aula
2026-11-03,TN1,06:00,Aula,Aula
2026-11-03,TN1,07:00,Aula,Aula
2026-11-03,TN1,08:00,Aula,Aula
2026-11-03,TN1,15:00,Aula,Aula
2026-11-03,TN1,16:00,Aula,Aula
2026-11-03,TN1,17:00,Aula,Aula
2026-11-03,TN1,18:00,Aula,Aula
2026-11-03,TN1,19:00,Aula,Aula
2026-11-03,TN1,20:00,Aula,Aula
2026-11-03,TN2,18:00,Aula,Aula
2026-11-03,TN2,19:00,Aula,Aula
2026-11-04,TN1,06:00,Aula,Aula
2026-11-04,TN1,07:00,Aula,Aula
2026-11-04,TN1,08:00,Aula,Aula
2026-11-04,TN1,09:00,Aula,Aula
2026-11-04,TN1,10:00,Aula,Aula
2026-11-04,TN1,11:00,Aula,Aula
2026-11-04,TN1,15:00,Aula,Aula
2026-11-04,TN1,16:00,Aula,Aula
2026-11-04,TN1,17:00,Aula,Aula
2026-11-04,TN1,18:00,Aula,Aula
2026-11-04,TN1,19:00,Aula,Aula
2026-11-04,TN2,17:00,Aula,Aula
2026-11-04,TN2,18:00,Aula,Aula
2026-11-04,BT1,16:00,Aula,Aula
2026-11-04,BT1,17:00,Aula,Aula
2026-11-04,BT1,18:00,Aula,Aula
2026-11-04,BT1,19:00,Aula,Aula
2026-11-04,BT1,20:00,Aula,Aula
2026-11-05,TN1,06:00,Aula,Aula
2026-11-05,TN1,07:00,Aula,Aula
2026-11-05,TN1,08:00,Aula,Aula
2026-11-05,TN1,09:00,Aula,Aula
2026-11-05,TN1,15:00,Aula,Aula
2026-11-05,TN1,16:00,Aula,Aula
2026-11-05,TN1,17:00,Aula,Aula
2026-11-05,TN1,18:00,Aula,Aula
2026-11-05,TN1,19:00,Aula,Aula
2026-11-05,TN2,18:00,Aula,Aula
2026-11-06,TN1,06:00,Aula,Aula
2026-11-06,TN1,07:00,Aula,Aula
2026-11-06,TN1,08:00,Aula,Aula
2026-11-06,TN1,09:00,Aula,Aula
2026-11-06,TN1,10:00,Aula,Aula
2026-11-06,TN1,15:00,Aula,Aula
2026-11-06,TN1,16:00,Aula,Aula
2026-11-06,TN1,17:00,Aula,Aula
2026-11-06,TN1,18:00,Aula,Aula
2026-11-09,TN1,06:00,Aula,Aula
2026-11-09,TN1,07:00,Aula,Aula
2026-11-09,TN1,08:00,Aula,Aula
2026-11-09,TN1,09:00,Aula,Aula
2026-11-09,TN1,15:00,Aula,Aula
2026-11-09,TN1,16:00,Aula,Aula
2026-11-09,TN1,17:00,Aula,Aula
2026-11-09,TN1,18:00,Aula,Aula
2026-11-09,TN1,19:00,Aula,Aula
2026-11-09,TN1,20:00,Aula,Aula
2026-11-10,TN1,06:00,Aula,Aula
2026-11-10,TN1,07:00,Aula,Aula
2026-11-10,TN1,08:00,Aula,Aula
2026-11-10,TN1,15:00,Aula,Aula
2026-11-10,TN1,16:00,Aula,Aula
2026-11-10,TN1,17:00,Aula,Aula
2026-11-10,TN1,18:00,Aula,Aula
2026-11-10,TN1,19:00,Aula,Aula
2026-11-10,TN1,20:00,Aula,Aula
2026-11-10,TN2,18:00,Aula,Aula
2026-11-10,TN2,19:00,Aula,Aula
2026-11-11,TN1,06:00,Aula,Aula
2026-11-11,TN1,07:00,Aula,Aula
2026-11-11,TN1,08:00,Aula,Aula
2026-11-11,TN1,09:00,Aula,Aula
2026-11-11,TN1,10:00,Aula,Aula
2026-11-11,TN1,11:00,Aula,Aula
2026-11-11,TN1,15:00,Aula,Aula
2026-11-11,TN1,16:00,Aula,Aula
2026-11-11,TN1,17:00,Aula,Aula
2026-11-11,TN1,18:00,Aula,Aula
2026-11-11,TN1,19:00,Aula,Aula
2026-11-11,TN2,17:00,Aula,Aula
2026-11-11,TN2,18:00,Aula,Aula
2026-11-11,BT1,16:00,Aula,Aula
2026-11-11,BT1,17:00,Aula,Aula
2026-11-11,BT1,18:00,Aula,Aula
2026-11-11,BT1,19:00,Aula,Aula
2026-11-11,BT1,20:00,Aula,Aula
2026-11-12,TN1,06:00,Aula,Aula
2026-11-12,TN1,07:00,Aula,Aula
2026-11-12,TN1,08:00,Aula,Aula
2026-11-12,TN1,09:00,Aula,Aula
2026-11-12,TN1,15:00,Aula,Aula
2026-11-12,TN1,16:00,Aula,Aula
2026-11-12,TN1,17:00,Aula,Aula
2026-11-12,TN1,18:00,Aula,Aula
2026-11-12,TN1,19:00,Aula,Aula
2026-11-12,TN2,18:00,Aula,Aula
2026-11-13,TN1,06:00,Aula,Aula
2026-11-13,TN1,07:00,Aula,Aula
2026-11-13,TN1,08:00,Aula,Aula
2026-11-13,TN1,09:00,Aula,Aula
2026-11-13,TN1,10:00,Aula,Aula
2026-11-13,TN1,15:00,Aula,Aula
2026-11-13,TN1,16:00,Aula,Aula
2026-11-13,TN1,17:00,Aula,Aula
2026-11-13,TN1,18:00,Aula,Aula
2026-11-16,TN1,06:00,Aula,Aula
2026-11-16,TN1,07:00,Aula,Aula
2026-11-16,TN1,08:00,Aula,Aula
2026-11-16,TN1,09:00,Aula,Aula
2026-11-16,TN1,15:00,Aula,Aula
2026-11-16,TN1,16:00,Aula,Aula
2026-11-16,TN1,17:00,Aula,Aula
2026-11-16,TN1,18:00,Aula,Aula
2026-11-16,TN1,19:00,Aula,Aula
2026-11-16,TN1,20:00,Aula,Aula
2026-11-17,TN1,06:00,Aula,Aula
2026-11-17,TN1,07:00,Aula,Aula
2026-11-17,TN1,08:00,Aula,Aula
2026-11-17,TN1,15:00,Aula,Aula
2026-11-17,TN1,16:00,Aula,Aula
2026-11-17,TN1,17:00,Aula,Aula
2026-11-17,TN1,18:00,Aula,Aula
2026-11-17,TN1,19:00,Aula,Aula
2026-11-17,TN1,20:00,Aula,Aula
2026-11-17,TN2,18:00,Aula,Aula
2026-11-17,TN2,19:00,Aula,Aula
2026-11-18,TN1,06:00,Aula,Aula
2026-11-18,TN1,07:00,Aula,Aula
2026-11-18,TN1,08:00,Aula,Aula
2026-11-18,TN1,09:00,Aula,Aula
2026-11-18,TN1,10:00,Aula,Aula
2026-11-18,TN1,11:00,Aula,Aula
2026-11-18,TN1,15:00,Aula,Aula
2026-11-18,TN1,16:00,Aula,Aula
2026-11-18,TN1,17:00,Aula,Aula
2026-11-18,TN1,18:00,Aula,Aula
2026-11-18,TN1,19:00,Aula,Aula
2026-11-18,TN2,17:00,Aula,Aula
2026-11-18,TN2,18:00,Aula,Aula
2026-11-18,BT1,16:00,Aula,Aula
2026-11-18,BT1,17:00,Aula,Aula
2026-11-18,BT1,18:00,Aula,Aula
2026-11-18,BT1,19:00,Aula,Aula
2026-11-18,BT1,20:00,Aula,Aula
2026-11-19,TN1,06:00,Aula,Aula
2026-11-19,TN1,07:00,Aula,Aula
2026-11-19,TN1,08:00,Aula,Aula
2026-11-19,TN1,09:00,Aula,Aula
2026-11-19,TN1,15:00,Aula,Aula
2026-11-19,TN1,16:00,Aula,Aula
2026-11-19,TN1,17:00,Aula,Aula
2026-11-19,TN1,18:00,Aula,Aula
2026-11-19,TN1,19:00,Aula,Aula
2026-11-19,TN2,18:00,Aula,Aula
2026-11-20,TN1,06:00,Aula,Aula
2026-11-20,TN1,07:00,Aula,Aula
2026-11-20,TN1,08:00,Aula,Aula
2026-11-20,TN1,09:00,Aula,Aula
2026-11-20,TN1,10:00,Aula,Aula
2026-11-20,TN1,15:00,Aula,Aula
2026-11-20,TN1,16:00,Aula,Aula
2026-11-20,TN1,17:00,Aula,Aula
2026-11-20,TN1,18:00,Aula,Aula
2026-11-23,TN1,06:00,Aula,Aula
2026-11-23,TN1,07:00,Aula,Aula
2026-11-23,TN1,08:00,Aula,Aula
2026-11-23,TN1,09:00,Aula,Aula
2026-11-23,TN1,15:00,Aula,Aula
2026-11-23,TN1,16:00,Aula,Aula
2026-11-23,TN1,17:00,Aula,Aula
2026-11-23,TN1,18:00,Aula,Aula
2026-11-23,TN1,19:00,Aula,Aula
2026-11-23,TN1,20:00,Aula,Aula
2026-11-24,TN1,06:00,Aula,Aula
2026-11-24,TN1,07:00,Aula,Aula
2026-11-24,TN1,08:00,Aula,Aula
2026-11-24,TN1,15:00,Aula,Aula
2026-11-24,TN1,16:00,Aula,Aula
2026-11-24,TN1,17:00,Aula,Aula
2026-11-24,TN1,18:00,Aula,Aula
2026-11-24,TN1,19:00,Aula,Aula
2026-11-24,TN1,20:00,Aula,Aula
2026-11-24,TN2,18:00,Aula,Aula
2026-11-24,TN2,19:00,Aula,Aula
2026-11-25,TN1,06:00,Aula,Aula
2026-11-25,TN1,07:00,Aula,Aula
2026-11-25,TN1,08:00,Aula,Aula
2026-11-25,TN1,09:00,Aula,Aula
2026-11-25,TN1,10:00,Aula,Aula
2026-11-25,TN1,11:00,Aula,Aula
2026-11-25,TN1,15:00,Aula,Aula
2026-11-25,TN1,16:00,Aula,Aula
2026-11-25,TN1,17:00,Aula,Aula
2026-11-25,TN1,18:00,Aula,Aula
2026-11-25,TN1,19:00,Aula,Aula
2026-11-25,TN2,17:00,Aula,Aula
2026-11-25,TN2,18:00,Aula,Aula
2026-11-25,BT1,16:00,Aula,Aula
2026-11-25,BT1,17:00,Aula,Aula
2026-11-25,BT1,18:00,Aula,Aula
2026-11-25,BT1,19:00,Aula,Aula
2026-11-25,BT1,20:00,Aula,Aula
2026-11-26,TN1,06:00,Aula,Aula
2026-11-26,TN1,07:00,Aula,Aula
2026-11-26,TN1,08:00,Aula,Aula
2026-11-26,TN1,09:00,Aula,Aula
2026-11-26,TN1,15:00,Aula,Aula
2026-11-26,TN1,16:00,Aula,Aula
2026-11-26,TN1,17:00,Aula,Aula
2026-11-26,TN1,18:00,Aula,Aula
2026-11-26,TN1,19:00,Aula,Aula
2026-11-26,TN2,18:00,Aula,Aula
2026-11-27,TN1,06:00,Aula,Aula
2026-11-27,TN1,07:00,Aula,Aula
2026-11-27,TN1,08:00,Aula,Aula
2026-11-27,TN1,09:00,Aula,Aula
2026-11-27,TN1,10:00,Aula,Aula
2026-11-27,TN1,15:00,Aula,Aula
2026-11-27,TN1,16:00,Aula,Aula
2026-11-27,TN1,17:00,Aula,Aula
2026-11-27,TN1,18:00,Aula,Aula
2026-11-30,TN1,06:00,Aula,Aula
2026-11-30,TN1,07:00,Aula,Aula
2026-11-30,TN1,08:00,Aula,Aula
2026-11-30,TN1,09:00,Aula,Aula
2026-11-30,TN1,15:00,Aula,Aula
2026-11-30,TN1,16:00,Aula,Aula
2026-11-30,TN1,17:00,Aula,Aula
2026-11-30,TN1,18:00,Aula,Aula
2026-11-30,TN1,19:00,Aula,Aula
2026-11-30,TN1,20:00,Aula,Aula
2026-12-01,TN1,06:00,Aula,Aula
2026-12-01,TN1,07:00,Aula,Aula
2026-12-01,TN1,08:00,Aula,Aula
2026-12-01,TN1,15:00,Aula,Aula
2026-12-01,TN1,16:00,Aula,Aula
2026-12-01,TN1,17:00,Aula,Aula
2026-12-01,TN1,18:00,Aula,Aula
2026-12-01,TN1,19:00,Aula,Aula
2026-12-01,TN1,20:00,Aula,Aula
2026-12-01,TN2,18:00,Aula,Aula
2026-12-01,TN2,19:00,Aula,Aula
2026-12-02,TN1,06:00,Aula,Aula
2026-12-02,TN1,07:00,Aula,Aula
2026-12-02,TN1,08:00,Aula,Aula
2026-12-02,TN1,09:00,Aula,Aula
2026-12-02,TN1,10:00,Aula,Aula
2026-12-02,TN1,11:00,Aula,Aula
2026-12-02,TN1,15:00,Aula,Aula
2026-12-02,TN1,16:00,Aula,Aula
2026-12-02,TN1,17:00,Aula,Aula
2026-12-02,TN1,18:00,Aula,Aula
2026-12-02,TN1,19:00,Aula,Aula
2026-12-02,TN2,17:00,Aula,Aula
2026-12-02,TN2,18:00,Aula,Aula
2026-12-02,BT1,16:00,Aula,Aula
2026-12-02,BT1,17:00,Aula,Aula
2026-12-02,BT1,18:00,Aula,Aula
2026-12-02,BT1,19:00,Aula,Aula
2026-12-02,BT1,20:00,Aula,Aula
2026-12-03,TN1,06:00,Aula,Aula
2026-12-03,TN1,07:00,Aula,Aula
2026-12-03,TN1,08:00,Aula,Aula
2026-12-03,TN1,09:00,Aula,Aula
2026-12-03,TN1,15:00,Aula,Aula
2026-12-03,TN1,16:00,Aula,Aula
2026-12-03,TN1,17:00,Aula,Aula
2026-12-03,TN1,18:00,Aula,Aula
2026-12-03,TN1,19:00,Aula,Aula
2026-12-03,TN2,18:00,Aula,Aula
2026-12-04,TN1,06:00,Aula,Aula
2026-12-04,TN1,07:00,Aula,Aula
2026-12-04,TN1,08:00,Aula,Aula
2026-12-04,TN1,09:00,Aula,Aula
2026-12-04,TN1,10:00,Aula,Aula
2026-12-04,TN1,15:00,Aula,Aula
2026-12-04,TN1,16:00,Aula,Aula
2026-12-04,TN1,17:00,Aula,Aula
2026-12-04,TN1,18:00,Aula,Aula
2026-12-07,TN1,06:00,Aula,Aula
2026-12-07,TN1,07:00,Aula,Aula
2026-12-07,TN1,08:00,Aula,Aula
2026-12-07,TN1,09:00,Aula,Aula
2026-12-07,TN1,15:00,Aula,Aula
2026-12-07,TN1,16:00,Aula,Aula
2026-12-07,TN1,17:00,Aula,Aula
2026-12-07,TN1,18:00,Aula,Aula
2026-12-07,TN1,19:00,Aula,Aula
2026-12-07,TN1,20:00,Aula,Aula
2026-12-08,TN1,06:00,Aula,Aula
2026-12-08,TN1,07:00,Aula,Aula
2026-12-08,TN1,08:00,Aula,Aula
2026-12-08,TN1,15:00,Aula,Aula
2026-12-08,TN1,16:00,Aula,Aula
2026-12-08,TN1,17:00,Aula,Aula
2026-12-08,TN1,18:00,Aula,Aula
2026-12-08,TN1,19:00,Aula,Aula
2026-12-08,TN1,20:00,Aula,Aula
2026-12-08,TN2,18:00,Aula,Aula
2026-12-08,TN2,19:00,Aula,Aula
2026-12-09,TN1,06:00,Aula,Aula
2026-12-09,TN1,07:00,Aula,Aula
2026-12-09,TN1,08:00,Aula,Aula
2026-12-09,TN1,09:00,Aula,Aula
2026-12-09,TN1,10:00,Aula,Aula
2026-12-09,TN1,11:00,Aula,Aula
2026-12-09,TN1,15:00,Aula,Aula
2026-12-09,TN1,16:00,Aula,Aula
2026-12-09,TN1,17:00,Aula,Aula
2026-12-09,TN1,18:00,Aula,Aula
2026-12-09,TN1,19:00,Aula,Aula
2026-12-09,TN2,17:00,Aula,Aula
2026-12-09,TN2,18:00,Aula,Aula
2026-12-09,BT1,16:00,Aula,Aula
2026-12-09,BT1,17:00,Aula,Aula
2026-12-09,BT1,18:00,Aula,Aula
2026-12-09,BT1,19:00,Aula,Aula
2026-12-09,BT1,20:00,Aula,Aula
2026-12-10,TN1,06:00,Aula,Aula
2026-12-10,TN1,07:00,Aula,Aula
2026-12-10,TN1,08:00,Aula,Aula
2026-12-10,TN1,09:00,Aula,Aula
2026-12-10,TN1,15:00,Aula,Aula
2026-12-10,TN1,16:00,Aula,Aula
2026-12-10,TN1,17:00,Aula,Aula
2026-12-10,TN1,18:00,Aula,Aula
2026-12-10,TN1,19:00,Aula,Aula
2026-12-10,TN2,18:00,Aula,Aula
2026-12-11,TN1,06:00,Aula,Aula
2026-12-11,TN1,07:00,Aula,Aula
2026-12-11,TN1,08:00,Aula,Aula
2026-12-11,TN1,09:00,Aula,Aula
2026-12-11,TN1,10:00,Aula,Aula
2026-12-11,TN1,15:00,Aula,Aula
2026-12-11,TN1,16:00,Aula,Aula
2026-12-11,TN1,17:00,Aula,Aula
2026-12-11,TN1,18:00,Aula,Aula
2026-12-14,TN1,06:00,Aula,Aula
2026-12-14,TN1,07:00,Aula,Aula
2026-12-14,TN1,08:00,Aula,Aula
2026-12-14,TN1,09:00,Aula,Aula
2026-12-14,TN1,15:00,Aula,Aula
2026-12-14,TN1,16:00,Aula,Aula
2026-12-14,TN1,17:00,Aula,Aula
2026-12-14,TN1,18:00,Aula,Aula
2026-12-14,TN1,19:00,Aula,Aula
2026-12-14,TN1,20:00,Aula,Aula
2026-12-15,TN1,06:00,Aula,Aula
2026-12-15,TN1,07:00,Aula,Aula
2026-12-15,TN1,08:00,Aula,Aula
2026-12-15,TN1,15:00,Aula,Aula
2026-12-15,TN1,16:00,Aula,Aula
2026-12-15,TN1,17:00,Aula,Aula
2026-12-15,TN1,18:00,Aula,Aula
2026-12-15,TN1,19:00,Aula,Aula
2026-12-15,TN1,20:00,Aula,Aula
2026-12-15,TN2,18:00,Aula,Aula
2026-12-15,TN2,19:00,Aula,Aula
2026-12-16,TN1,06:00,Aula,Aula
2026-12-16,TN1,07:00,Aula,Aula
2026-12-16,TN1,08:00,Aula,Aula
2026-12-16,TN1,09:00,Aula,Aula
2026-12-16,TN1,10:00,Aula,Aula
2026-12-16,TN1,11:00,Aula,Aula
2026-12-16,TN1,15:00,Aula,Aula
2026-12-16,TN1,16:00,Aula,Aula
2026-12-16,TN1,17:00,Aula,Aula
2026-12-16,TN1,18:00,Aula,Aula
2026-12-16,TN1,19:00,Aula,Aula
2026-12-16,TN2,17:00,Aula,Aula
2026-12-16,TN2,18:00,Aula,Aula
2026-12-16,BT1,16:00,Aula,Aula
2026-12-16,BT1,17:00,Aula,Aula
2026-12-16,BT1,18:00,Aula,Aula
2026-12-16,BT1,19:00,Aula,Aula
2026-12-16,BT1,20:00,Aula,Aula
2026-12-17,TN1,06:00,Aula,Aula
2026-12-17,TN1,07:00,Aula,Aula
2026-12-17,TN1,08:00,Aula,Aula
2026-12-17,TN1,09:00,Aula,Aula
2026-12-17,TN1,15:00,Aula,Aula
2026-12-17,TN1,16:00,Aula,Aula
2026-12-17,TN1,17:00,Aula,Aula
2026-12-17,TN1,18:00,Aula,Aula
2026-12-17,TN1,19:00,Aula,Aula
2026-12-17,TN2,18:00,Aula,Aula
2026-12-18,TN1,06:00,Aula,Aula
2026-12-18,TN1,07:00,Aula,Aula
2026-12-18,TN1,08:00,Aula,Aula
2026-12-18,TN1,09:00,Aula,Aula
2026-12-18,TN1,10:00,Aula,Aula
2026-12-18,TN1,15:00,Aula,Aula
2026-12-18,TN1,16:00,Aula,Aula
2026-12-18,TN1,17:00,Aula,Aula
2026-12-18,TN1,18:00,Aula,Aula
2026-12-21,TN1,06:00,Aula,Aula
2026-12-21,TN1,07:00,Aula,Aula
2026-12-21,TN1,08:00,Aula,Aula
2026-12-21,TN1,09:00,Aula,Aula
2026-12-21,TN1,15:00,Aula,Aula
2026-12-21,TN1,16:00,Aula,Aula
2026-12-21,TN1,17:00,Aula,Aula
2026-12-21,TN1,18:00,Aula,Aula
2026-12-21,TN1,19:00,Aula,Aula
2026-12-21,TN1,20:00,Aula,Aula
2026-12-22,TN1,06:00,Aula,Aula
2026-12-22,TN1,07:00,Aula,Aula
2026-12-22,TN1,08:00,Aula,Aula
2026-12-22,TN1,15:00,Aula,Aula
2026-12-22,TN1,16:00,Aula,Aula
2026-12-22,TN1,17:00,Aula,Aula
2026-12-22,TN1,18:00,Aula,Aula
2026-12-22,TN1,19:00,Aula,Aula
2026-12-22,TN1,20:00,Aula,Aula
2026-12-22,TN2,18:00,Aula,Aula
2026-12-22,TN2,19:00,Aula,Aula
2026-12-23,TN1,06:00,Aula,Aula
2026-12-23,TN1,07:00,Aula,Aula
2026-12-23,TN1,08:00,Aula,Aula
2026-12-23,TN1,09:00,Aula,Aula
2026-12-23,TN1,10:00,Aula,Aula
2026-12-23,TN1,11:00,Aula,Aula
2026-12-23,TN1,15:00,Aula,Aula
2026-12-23,TN1,16:00,Aula,Aula
2026-12-23,TN1,17:00,Aula,Aula
2026-12-23,TN1,18:00,Aula,Aula
2026-12-23,TN1,19:00,Aula,Aula
2026-12-23,TN2,17:00,Aula,Aula
2026-12-23,TN2,18:00,Aula,Aula
2026-12-23,BT1,16:00,Aula,Aula
2026-12-23,BT1,17:00,Aula,Aula
2026-12-23,BT1,18:00,Aula,Aula
2026-12-23,BT1,19:00,Aula,Aula
2026-12-23,BT1,20:00,Aula,Aula
2026-12-24,TN1,06:00,Aula,Aula
2026-12-24,TN1,07:00,Aula,Aula
2026-12-24,TN1,08:00,Aula,Aula
2026-12-24,TN1,09:00,Aula,Aula
2026-12-24,TN1,15:00,Aula,Aula
2026-12-24,TN1,16:00,Aula,Aula
2026-12-24,TN1,17:00,Aula,Aula
2026-12-24,TN1,18:00,Aula,Aula
2026-12-24,TN1,19:00,Aula,Aula
2026-12-24,TN2,18:00,Aula,Aula
2026-12-25,TN1,06:00,Aula,Aula
2026-12-25,TN1,07:00,Aula,Aula
2026-12-25,TN1,08:00,Aula,Aula
2026-12-25,TN1,09:00,Aula,Aula
2026-12-25,TN1,10:00,Aula,Aula
2026-12-25,TN1,15:00,Aula,Aula
2026-12-25,TN1,16:00,Aula,Aula
2026-12-25,TN1,17:00,Aula,Aula
2026-12-25,TN1,18:00,Aula,Aula
2026-12-28,TN1,06:00,Aula,Aula
2026-12-28,TN1,07:00,Aula,Aula
2026-12-28,TN1,08:00,Aula,Aula
2026-12-28,TN1,09:00,Aula,Aula
2026-12-28,TN1,15:00,Aula,Aula
2026-12-28,TN1,16:00,Aula,Aula
2026-12-28,TN1,17:00,Aula,Aula
2026-12-28,TN1,18:00,Aula,Aula
2026-12-28,TN1,19:00,Aula,Aula
2026-12-28,TN1,20:00,Aula,Aula
2026-12-29,TN1,06:00,Aula,Aula
2026-12-29,TN1,07:00,Aula,Aula
2026-12-29,TN1,08:00,Aula,Aula
2026-12-29,TN1,15:00,Aula,Aula
2026-12-29,TN1,16:00,Aula,Aula
2026-12-29,TN1,17:00,Aula,Aula
2026-12-29,TN1,18:00,Aula,Aula
2026-12-29,TN1,19:00,Aula,Aula
2026-12-29,TN1,20:00,Aula,Aula
2026-12-29,TN2,18:00,Aula,Aula
2026-12-29,TN2,19:00,Aula,Aula
2026-12-30,TN1,06:00,Aula,Aula
2026-12-30,TN1,07:00,Aula,Aula
2026-12-30,TN1,08:00,Aula,Aula
2026-12-30,TN1,09:00,Aula,Aula
2026-12-30,TN1,10:00,Aula,Aula
2026-12-30,TN1,11:00,Aula,Aula
2026-12-30,TN1,15:00,Aula,Aula
2026-12-30,TN1,16:00,Aula,Aula
2026-12-30,TN1,17:00,Aula,Aula
2026-12-30,TN1,18:00,Aula,Aula
2026-12-30,TN1,19:00,Aula,Aula
2026-12-30,TN2,17:00,Aula,Aula
2026-12-30,TN2,18:00,Aula,Aula
2026-12-30,BT1,16:00,Aula,Aula
2026-12-30,BT1,17:00,Aula,Aula
2026-12-30,BT1,18:00,Aula,Aula
2026-12-30,BT1,19:00,Aula,Aula
2026-12-30,BT1,20:00,Aula,Aula
2026-12-31,TN1,06:00,Aula,Aula
2026-12-31,TN1,07:00,Aula,Aula
2026-12-31,TN1,08:00,Aula,Aula
2026-12-31,TN1,09:00,Aula,Aula
2026-12-31,TN1,15:00,Aula,Aula
2026-12-31,TN1,16:00,Aula,Aula
2026-12-31,TN1,17:00,Aula,Aula
2026-12-31,TN1,18:00,Aula,Aula
2026-12-31,TN1,19:00,Aula,Aula
2026-12-31,TN2,18:00,Aula,Aula
